{
  "orientation": [
    [
      0.9796269384246337,
      0.15843426236974273,
      -0.12340845198013951
    ],
    [
      -0.10193362897186817,
      0.9217351469779272,
      0.3741842515529005
    ],
    [
      0.17303351350939045,
      -0.3539815013993448,
      0.9191063593891957
    ]
  ],
  "position": [
    -2.566747997039755,
    1.8499112901882455,
    0.17843055129051208
  ],
  "focal_length": 716.3578491210938,
  "principal_point": [
    310.08148193359375,
    453.3079833984375
  ],
  "skew": 0.0,
  "pixel_aspect_ratio": 1.0,
  "radial_distortion": [
    0.09550585597753525,
    -0.23209302127361298,
    0.0
  ],
  "tangential_distortion": [
    0.002494150074198842,
    0.03005794994533062
  ],
  "image_size": [
    480,
    856
  ]
}