{
  "orientation": [
    [
      0.9843534900340358,
      0.15778127774405004,
      0.07844281389182889
    ],
    [
      -0.1760915157726113,
      0.8648873565200366,
      0.4700655684100752
    ],
    [
      0.006323348062327742,
      -0.47652379680897144,
      0.8791388322352987
    ]
  ],
  "position": [
    -1.6436563488096005,
    2.649774756568981,
    0.17843055129051208
  ],
  "focal_length": 716.3578491210938,
  "principal_point": [
    310.08148193359375,
    453.3079833984375
  ],
  "skew": 0.0,
  "pixel_aspect_ratio": 1.0,
  "radial_distortion": [
    0.09550585597753525,
    -0.23209302127361298,
    0.0
  ],
  "tangential_distortion": [
    0.002494150074198842,
    0.03005794994533062
  ],
  "image_size": [
    480,
    856
  ]
}