{
  "orientation": [
    [
      0.9868691518528148,
      0.1589366386286208,
      -0.02878232135775947
    ],
    [
      -0.1308365036029253,
      0.8910865143310843,
      0.43456487812781186
    ],
    [
      0.09471581940873369,
      -0.4250928944109904,
      0.9001805067179686
    ]
  ],
  "position": [
    -2.1433910231441766,
    2.2939153059303363,
    0.17843055129051208
  ],
  "focal_length": 716.3578491210938,
  "principal_point": [
    310.08148193359375,
    453.3079833984375
  ],
  "skew": 0.0,
  "pixel_aspect_ratio": 1.0,
  "radial_distortion": [
    0.09550585597753525,
    -0.23209302127361298,
    0.0
  ],
  "tangential_distortion": [
    0.002494150074198842,
    0.03005794994533062
  ],
  "image_size": [
    480,
    856
  ]
}