{
  "orientation": [
    [
      0.7471067537873032,
      0.11558707464715162,
      0.6545770593443615
    ],
    [
      -0.2657373800227696,
      0.9545832557177165,
      0.13473846058939085
    ],
    [
      -0.6092742759250813,
      -0.27460960667441786,
      0.7438914037802086
    ]
  ],
  "position": [
    2.568443067536687,
    1.768426277764789,
    0.17843055129051208
  ],
  "focal_length": 716.3578491210938,
  "principal_point": [
    310.08148193359375,
    453.3079833984375
  ],
  "skew": 0.0,
  "pixel_aspect_ratio": 1.0,
  "radial_distortion": [
    0.09550585597753525,
    -0.23209302127361298,
    0.0
  ],
  "tangential_distortion": [
    0.002494150074198842,
    0.03005794994533062
  ],
  "image_size": [
    480,
    856
  ]
}