{
  "orientation": [
    [
      0.8399763321695352,
      0.13142182797147975,
      0.5264675341629811
    ],
    [
      -0.34435364071643165,
      0.8789284729636476,
      0.3300080446582015
    ],
    [
      -0.4193570453925313,
      -0.45848995904646106,
      0.7835346998909627
    ]
  ],
  "position": [
    1.1215104302675039,
    2.869605521521097,
    0.17843055129051208
  ],
  "focal_length": 716.3578491210938,
  "principal_point": [
    310.08148193359375,
    453.3079833984375
  ],
  "skew": 0.0,
  "pixel_aspect_ratio": 1.0,
  "radial_distortion": [
    0.09550585597753525,
    -0.23209302127361298,
    0.0
  ],
  "tangential_distortion": [
    0.002494150074198842,
    0.03005794994533062
  ],
  "image_size": [
    480,
    856
  ]
}