{
  "orientation": [
    [
      0.7268123724714349,
      0.11216147554462991,
      0.6776160997394435
    ],
    [
      -0.19622962110576625,
      0.9793643033845854,
      0.04836834767400265
    ],
    [
      -0.6582079542387279,
      -0.16812306403250318,
      0.7338234967055711
    ]
  ],
  "position": [
    2.9656785397099084,
    1.0544684410818608,
    0.17843055129051208
  ],
  "focal_length": 716.3578491210938,
  "principal_point": [
    310.08148193359375,
    453.3079833984375
  ],
  "skew": 0.0,
  "pixel_aspect_ratio": 1.0,
  "radial_distortion": [
    0.09550585597753525,
    -0.23209302127361298,
    0.0
  ],
  "tangential_distortion": [
    0.002494150074198842,
    0.03005794994533062
  ],
  "image_size": [
    480,
    856
  ]
}