{
  "orientation": [
    [
      0.9408436602428284,
      0.15344720043222052,
      -0.3021045574968891
    ],
    [
      -0.14198696160985147,
      0.9880679848536917,
      0.05967713163320848
    ],
    [
      0.3076571301200084,
      -0.013251942751109002,
      0.9514050011954118
    ]
  ],
  "position": [
    -3.2555287426683406,
    -0.04249825538141057,
    0.17843055129051208
  ],
  "focal_length": 716.3578491210938,
  "principal_point": [
    310.08148193359375,
    453.3079833984375
  ],
  "skew": 0.0,
  "pixel_aspect_ratio": 1.0,
  "radial_distortion": [
    0.09550585597753525,
    -0.23209302127361298,
    0.0
  ],
  "tangential_distortion": [
    0.002494150074198842,
    0.03005794994533062
  ],
  "image_size": [
    480,
    856
  ]
}