{
  "orientation": [
    [
      0.9525719083375429,
      0.15137017252523885,
      0.26399589071773677
    ],
    [
      -0.2639898452968136,
      0.8425825527355574,
      0.46942944454496693
    ],
    [
      -0.15138071550344917,
      -0.5168575361696017,
      0.842580658618718
    ]
  ],
  "position": [
    -0.6910692091134822,
    3.013705606795064,
    0.17843055129051208
  ],
  "focal_length": 716.3578491210938,
  "principal_point": [
    310.08148193359375,
    453.3079833984375
  ],
  "skew": 0.0,
  "pixel_aspect_ratio": 1.0,
  "radial_distortion": [
    0.09550585597753525,
    -0.23209302127361298,
    0.0
  ],
  "tangential_distortion": [
    0.002494150074198842,
    0.03005794994533062
  ],
  "image_size": [
    480,
    856
  ]
}