{
  "orientation": [
    [
      0.9757925058463063,
      0.1580120775651946,
      -0.1511991034289464
    ],
    [
      -0.09679101417966542,
      0.9319891162578104,
      0.3493247582852632
    ],
    [
      0.1961134495853309,
      -0.3262337666773884,
      0.9247221444148644
    ]
  ],
  "position": [
    -2.688158766496168,
    1.685014723965737,
    0.17843055129051208
  ],
  "focal_length": 716.3578491210938,
  "principal_point": [
    310.08148193359375,
    453.3079833984375
  ],
  "skew": 0.0,
  "pixel_aspect_ratio": 1.0,
  "radial_distortion": [
    0.09550585597753525,
    -0.23209302127361298,
    0.0
  ],
  "tangential_distortion": [
    0.002494150074198842,
    0.03005794994533062
  ],
  "image_size": [
    480,
    856
  ]
}