{
  "orientation": [
    [
      0.9755501605408183,
      0.15798419183385717,
      -0.15278376680585762
    ],
    [
      -0.2096891185603379,
      0.877272793447007,
      -0.431767205140772
    ],
    [
      0.06582064893460272,
      0.45324765968318903,
      0.8889511804174287
    ]
  ],
  "position": [
    -1.9844581858134547,
    -2.7128028716931887,
    0.17843055129051208
  ],
  "focal_length": 716.3578491210938,
  "principal_point": [
    310.08148193359375,
    453.3079833984375
  ],
  "skew": 0.0,
  "pixel_aspect_ratio": 1.0,
  "radial_distortion": [
    0.09550585597753525,
    -0.23209302127361298,
    0.0
  ],
  "tangential_distortion": [
    0.002494150074198842,
    0.03005794994533062
  ],
  "image_size": [
    480,
    856
  ]
}