{
  "orientation": [
    [
      0.791727372782385,
      0.1231579760735091,
      0.5983309118845351
    ],
    [
      -0.3266058189312556,
      0.9130601877108002,
      0.2442329475270738
    ],
    [
      -0.5162328992105659,
      -0.38878426736044175,
      0.7631188552418675
    ]
  ],
  "position": [
    1.8416809230521767,
    2.4837476795171662,
    0.17843055129051208
  ],
  "focal_length": 716.3578491210938,
  "principal_point": [
    310.08148193359375,
    453.3079833984375
  ],
  "skew": 0.0,
  "pixel_aspect_ratio": 1.0,
  "radial_distortion": [
    0.09550585597753525,
    -0.23209302127361298,
    0.0
  ],
  "tangential_distortion": [
    0.002494150074198842,
    0.03005794994533062
  ],
  "image_size": [
    480,
    856
  ]
}