{
  "orientation": [
    [
      0.9406473865409937,
      0.1534200017383622,
      -0.3027289171192593
    ],
    [
      -0.20763252643279367,
      0.965729813265548,
      -0.15573908224085914
    ],
    [
      0.2684608503315403,
      0.20935193057789264,
      0.9402662075192193
    ]
  ],
  "position": [
    -3.0625418406825546,
    -1.2485810931437256,
    0.17843055129051208
  ],
  "focal_length": 716.3578491210938,
  "principal_point": [
    310.08148193359375,
    453.3079833984375
  ],
  "skew": 0.0,
  "pixel_aspect_ratio": 1.0,
  "radial_distortion": [
    0.09550585597753525,
    -0.23209302127361298,
    0.0
  ],
  "tangential_distortion": [
    0.002494150074198842,
    0.03005794994533062
  ],
  "image_size": [
    480,
    856
  ]
}