{
  "orientation": [
    [
      0.7459981945226883,
      0.11539969150544761,
      0.6558731622572589
    ],
    [
      0.013293147297234797,
      0.9820948380383692,
      -0.18791759186761506
    ],
    [
      -0.6658152791907251,
      0.1489048028064812,
      0.7311069509294381
    ]
  ],
  "position": [
    3.0357145887082266,
    -1.1518141969053053,
    0.17843055129051208
  ],
  "focal_length": 716.3578491210938,
  "principal_point": [
    310.08148193359375,
    453.3079833984375
  ],
  "skew": 0.0,
  "pixel_aspect_ratio": 1.0,
  "radial_distortion": [
    0.09550585597753525,
    -0.23209302127361298,
    0.0
  ],
  "tangential_distortion": [
    0.002494150074198842,
    0.03005794994533062
  ],
  "image_size": [
    480,
    856
  ]
}