{
  "orientation": [
    [
      0.9311730152242595,
      0.1474420644423334,
      0.33343313175379513
    ],
    [
      -0.29469512359994826,
      0.8428502206772551,
      0.450286897023124
    ],
    [
      -0.2146429589913727,
      -0.5175561255915005,
      0.8282898387751372
    ]
  ],
  "position": [
    -0.2858984431760027,
    3.0719603682981913,
    0.17843055129051208
  ],
  "focal_length": 716.3578491210938,
  "principal_point": [
    310.08148193359375,
    453.3079833984375
  ],
  "skew": 0.0,
  "pixel_aspect_ratio": 1.0,
  "radial_distortion": [
    0.09550585597753525,
    -0.23209302127361298,
    0.0
  ],
  "tangential_distortion": [
    0.002494150074198842,
    0.03005794994533062
  ],
  "image_size": [
    480,
    856
  ]
}