{
  "orientation": [
    [
      0.7298301540663559,
      0.11267023530942184,
      0.6742798857231312
    ],
    [
      -0.03967866582466355,
      0.9916437085060921,
      -0.12275324378060123
    ],
    [
      -0.6824760433113048,
      0.06283449256264068,
      0.7282020851731623
    ]
  ],
  "position": [
    3.170873025533471,
    -0.5533972099337781,
    0.17843055129051208
  ],
  "focal_length": 716.3578491210938,
  "principal_point": [
    310.08148193359375,
    453.3079833984375
  ],
  "skew": 0.0,
  "pixel_aspect_ratio": 1.0,
  "radial_distortion": [
    0.09550585597753525,
    -0.23209302127361298,
    0.0
  ],
  "tangential_distortion": [
    0.002494150074198842,
    0.03005794994533062
  ],
  "image_size": [
    480,
    856
  ]
}