{
  "orientation": [
    [
      0.9533768275064219,
      0.1551602106639998,
      -0.25883959086757496
    ],
    [
      -0.23000128250439422,
      0.9288676600417511,
      -0.2903519935783043
    ],
    [
      0.1953766486050065,
      0.3363483003603036,
      0.9212479503502902
    ]
  ],
  "position": [
    -2.688158766496168,
    -1.9747829429598769,
    0.17843055129051208
  ],
  "focal_length": 716.3578491210938,
  "principal_point": [
    310.08148193359375,
    453.3079833984375
  ],
  "skew": 0.0,
  "pixel_aspect_ratio": 1.0,
  "radial_distortion": [
    0.09550585597753525,
    -0.23209302127361298,
    0.0
  ],
  "tangential_distortion": [
    0.002494150074198842,
    0.03005794994533062
  ],
  "image_size": [
    480,
    856
  ]
}