{
  "orientation": [
    [
      0.9576504865817002,
      0.15573100904758588,
      -0.24218463694225897
    ],
    [
      -0.2306656281095692,
      0.918359577962383,
      -0.32157278114537613
    ],
    [
      0.17233372728125793,
      0.36381800173407414,
      0.9153892877107391
    ]
  ],
  "position": [
    -2.566747997039755,
    -2.1396795091823866,
    0.17843055129051208
  ],
  "focal_length": 716.3578491210938,
  "principal_point": [
    310.08148193359375,
    453.3079833984375
  ],
  "skew": 0.0,
  "pixel_aspect_ratio": 1.0,
  "radial_distortion": [
    0.09550585597753525,
    -0.23209302127361298,
    0.0
  ],
  "tangential_distortion": [
    0.002494150074198842,
    0.03005794994533062
  ],
  "image_size": [
    480,
    856
  ]
}