{
  "orientation": [
    [
      0.9864955853625557,
      0.15838287371733373,
      0.041729190900709694
    ],
    [
      -0.159640280044888,
      0.8728127540731426,
      0.46120806293303873
    ],
    [
      0.03662568835364724,
      -0.46164137773849434,
      0.8863102150558383
    ]
  ],
  "position": [
    -1.8176560766279541,
    2.541813896943323,
    0.17843055129051208
  ],
  "focal_length": 716.3578491210938,
  "principal_point": [
    310.08148193359375,
    453.3079833984375
  ],
  "skew": 0.0,
  "pixel_aspect_ratio": 1.0,
  "radial_distortion": [
    0.09550585597753525,
    -0.23209302127361298,
    0.0
  ],
  "tangential_distortion": [
    0.002494150074198842,
    0.03005794994533062
  ],
  "image_size": [
    480,
    856
  ]
}