{
  "orientation": [
    [
      0.9828689762255033,
      0.1587472932366492,
      -0.09363691827195288
    ],
    [
      -0.10939365279127569,
      0.911358664236866,
      0.39681029957572594
    ],
    [
      0.14832937774565397,
      -0.37976924837384196,
      0.9131121035706155
    ]
  ],
  "position": [
    -2.435123280174316,
    2.0067755193868293,
    0.17843055129051208
  ],
  "focal_length": 716.3578491210938,
  "principal_point": [
    310.08148193359375,
    453.3079833984375
  ],
  "skew": 0.0,
  "pixel_aspect_ratio": 1.0,
  "radial_distortion": [
    0.09550585597753525,
    -0.23209302127361298,
    0.0
  ],
  "tangential_distortion": [
    0.002494150074198842,
    0.03005794994533062
  ],
  "image_size": [
    480,
    856
  ]
}