{
  "orientation": [
    [
      0.8800220682589878,
      0.13836813653491947,
      0.45432963602325915
    ],
    [
      -0.3356549886492173,
      0.8579804438928903,
      0.388851239540589
    ],
    [
      -0.3360013213844063,
      -0.4946956808879704,
      0.8014856800584277
    ]
  ],
  "position": [
    0.5302023441332296,
    3.0330846963824403,
    0.17843055129051208
  ],
  "focal_length": 716.3578491210938,
  "principal_point": [
    310.08148193359375,
    453.3079833984375
  ],
  "skew": 0.0,
  "pixel_aspect_ratio": 1.0,
  "radial_distortion": [
    0.09550585597753525,
    -0.23209302127361298,
    0.0
  ],
  "tangential_distortion": [
    0.002494150074198842,
    0.03005794994533062
  ],
  "image_size": [
    480,
    856
  ]
}