{
  "orientation": [
    [
      0.9873028620353306,
      0.15876971098400436,
      0.005023692954451205
    ],
    [
      -0.1327772874402526,
      0.842204364074913,
      -0.5225533475858517
    ],
    [
      -0.08719662009994084,
      0.5152513833142296,
      0.8525917906219361
    ]
  ],
  "position": [
    -1.085605687212471,
    -3.194396173369486,
    0.17843055129051208
  ],
  "focal_length": 716.3578491210938,
  "principal_point": [
    310.08148193359375,
    453.3079833984375
  ],
  "skew": 0.0,
  "pixel_aspect_ratio": 1.0,
  "radial_distortion": [
    0.09550585597753525,
    -0.23209302127361298,
    0.0
  ],
  "tangential_distortion": [
    0.002494150074198842,
    0.03005794994533062
  ],
  "image_size": [
    480,
    856
  ]
}