{
  "orientation": [
    [
      0.9494466319976063,
      0.15462862884267362,
      -0.2732051978470331
    ],
    [
      -0.22717770159200723,
      0.9390546222595831,
      -0.25800524861382984
    ],
    [
      0.21665960603623077,
      0.3070283432439845,
      0.926710424866948
    ]
  ],
  "position": [
    -2.7988667102261275,
    -1.802518019986404,
    0.17843055129051208
  ],
  "focal_length": 716.3578491210938,
  "principal_point": [
    310.08148193359375,
    453.3079833984375
  ],
  "skew": 0.0,
  "pixel_aspect_ratio": 1.0,
  "radial_distortion": [
    0.09550585597753525,
    -0.23209302127361298,
    0.0
  ],
  "tangential_distortion": [
    0.002494150074198842,
    0.03005794994533062
  ],
  "image_size": [
    480,
    856
  ]
}