{
  "orientation": [
    [
      0.7235869148467048,
      0.11161793741444971,
      0.6811485981120211
    ],
    [
      -0.07818270412716137,
      0.9937410987195485,
      -0.07978780289636843
    ],
    [
      -0.6857911062692432,
      0.0044793708273573275,
      0.7277846479550106
    ]
  ],
  "position": [
    3.196834797039628,
    -0.1448841094970711,
    0.17843055129051208
  ],
  "focal_length": 716.3578491210938,
  "principal_point": [
    310.08148193359375,
    453.3079833984375
  ],
  "skew": 0.0,
  "pixel_aspect_ratio": 1.0,
  "radial_distortion": [
    0.09550585597753525,
    -0.23209302127361298,
    0.0
  ],
  "tangential_distortion": [
    0.002494150074198842,
    0.03005794994533062
  ],
  "image_size": [
    480,
    856
  ]
}