{
  "orientation": [
    [
      0.7612063957592682,
      0.11797320265889377,
      0.6376889104489649
    ],
    [
      0.04366217190294133,
      0.9717601583533304,
      -0.2318961176514776
    ],
    [
      -0.6470382042815574,
      0.20436369073667052,
      0.7345590814281612
    ]
  ],
  "position": [
    2.8835793090925983,
    -1.5318297538295262,
    0.17843055129051208
  ],
  "focal_length": 716.3578491210938,
  "principal_point": [
    310.08148193359375,
    453.3079833984375
  ],
  "skew": 0.0,
  "pixel_aspect_ratio": 1.0,
  "radial_distortion": [
    0.09550585597753525,
    -0.23209302127361298,
    0.0
  ],
  "tangential_distortion": [
    0.002494150074198842,
    0.03005794994533062
  ],
  "image_size": [
    480,
    856
  ]
}