{
  "orientation": [
    [
      0.9537230485501479,
      0.15520675093088787,
      -0.257532932126533
    ],
    [
      -0.10482839989608947,
      0.9743742335572129,
      0.19901220956267854
    ],
    [
      0.28182149179833266,
      -0.162805766007446,
      0.9455532398100549
    ]
  ],
  "position": [
    -3.126437462383538,
    0.7642651884285327,
    0.17843055129051208
  ],
  "focal_length": 716.3578491210938,
  "principal_point": [
    310.08148193359375,
    453.3079833984375
  ],
  "skew": 0.0,
  "pixel_aspect_ratio": 1.0,
  "radial_distortion": [
    0.09550585597753525,
    -0.23209302127361298,
    0.0
  ],
  "tangential_distortion": [
    0.002494150074198842,
    0.03005794994533062
  ],
  "image_size": [
    480,
    856
  ]
}