{
  "orientation": [
    [
      0.9459615457807427,
      0.1541527134432845,
      -0.28529580235639745
    ],
    [
      -0.22236683720633116,
      0.9487190232292554,
      -0.22468912896217438
    ],
    [
      0.23602911603224086,
      0.2759876009914218,
      0.9317301650606997
    ]
  ],
  "position": [
    -2.898426046413913,
    -1.6235783903069492,
    0.17843055129051208
  ],
  "focal_length": 716.3578491210938,
  "principal_point": [
    310.08148193359375,
    453.3079833984375
  ],
  "skew": 0.0,
  "pixel_aspect_ratio": 1.0,
  "radial_distortion": [
    0.09550585597753525,
    -0.23209302127361298,
    0.0
  ],
  "tangential_distortion": [
    0.002494150074198842,
    0.03005794994533062
  ],
  "image_size": [
    480,
    856
  ]
}