{
  "orientation": [
    [
      0.7210029873887879,
      0.11118267812765861,
      0.6839540220371577
    ],
    [
      -0.11787014999906523,
      0.9923373066184289,
      -0.03705803060714641
    ],
    [
      -0.6828333031682339,
      -0.053898812395486044,
      0.7285832815174357
    ]
  ],
  "position": [
    3.170873025533471,
    0.2636289909396382,
    0.17843055129051208
  ],
  "focal_length": 716.3578491210938,
  "principal_point": [
    310.08148193359375,
    453.3079833984375
  ],
  "skew": 0.0,
  "pixel_aspect_ratio": 1.0,
  "radial_distortion": [
    0.09550585597753525,
    -0.23209302127361298,
    0.0
  ],
  "tangential_distortion": [
    0.002494150074198842,
    0.03005794994533062
  ],
  "image_size": [
    480,
    856
  ]
}