{
  "orientation": [
    [
      0.9757700960997633,
      0.15587485139479637,
      0.15354396849146798
    ],
    [
      -0.04782224549892239,
      0.8367305185076023,
      -0.5455227513435531
    ],
    [
      -0.21350820216773775,
      0.5249619701470283,
      0.8239109038642778
    ]
  ],
  "position": [
    -0.28589844317600355,
    -3.361728587292332,
    0.17843055129051208
  ],
  "focal_length": 716.3578491210938,
  "principal_point": [
    310.08148193359375,
    453.3079833984375
  ],
  "skew": 0.0,
  "pixel_aspect_ratio": 1.0,
  "radial_distortion": [
    0.09550585597753525,
    -0.23209302127361298,
    0.0
  ],
  "tangential_distortion": [
    0.002494150074198842,
    0.03005794994533062
  ],
  "image_size": [
    480,
    856
  ]
}