{
  "orientation": [
    [
      0.7625186853872155,
      0.11819556021243181,
      0.6360778757207503
    ],
    [
      -0.2943763776448852,
      0.9388851094809387,
      0.17843009689971512
    ],
    [
      -0.5761144007226592,
      -0.32330258387621214,
      0.7507114202800809
    ]
  ],
  "position": [
    2.3053261687383424,
    2.0819967871799636,
    0.17843055129051208
  ],
  "focal_length": 716.3578491210938,
  "principal_point": [
    310.08148193359375,
    453.3079833984375
  ],
  "skew": 0.0,
  "pixel_aspect_ratio": 1.0,
  "radial_distortion": [
    0.09550585597753525,
    -0.23209302127361298,
    0.0
  ],
  "tangential_distortion": [
    0.002494150074198842,
    0.03005794994533062
  ],
  "image_size": [
    480,
    856
  ]
}