{
  "orientation": [
    [
      0.9379801533655228,
      0.1530494351628454,
      -0.3110773252564775
    ],
    [
      -0.1650501090082897,
      0.986206500466885,
      -0.012457927324061542
    ],
    [
      0.3048798015755423,
      0.0630286350256286,
      0.9503029505152891
    ]
  ],
  "position": [
    -3.2425413182975396,
    -0.45162940014597486,
    0.17843055129051208
  ],
  "focal_length": 716.3578491210938,
  "principal_point": [
    310.08148193359375,
    453.3079833984375
  ],
  "skew": 0.0,
  "pixel_aspect_ratio": 1.0,
  "radial_distortion": [
    0.09550585597753525,
    -0.23209302127361298,
    0.0
  ],
  "tangential_distortion": [
    0.002494150074198842,
    0.03005794994533062
  ],
  "image_size": [
    480,
    856
  ]
}