{
  "orientation": [
    [
      0.9868362625389904,
      0.1589390066392318,
      -0.02987612937800079
    ],
    [
      -0.15183487095667783,
      0.84694954210488,
      -0.5095317900680024
    ],
    [
      -0.05568090246795397,
      0.5073606856043028,
      0.8599330042529395
    ]
  ],
  "position": [
    -1.2768927402995882,
    -3.1213159721298975,
    0.17843055129051208
  ],
  "focal_length": 716.3578491210938,
  "principal_point": [
    310.08148193359375,
    453.3079833984375
  ],
  "skew": 0.0,
  "pixel_aspect_ratio": 1.0,
  "radial_distortion": [
    0.09550585597753525,
    -0.23209302127361298,
    0.0
  ],
  "tangential_distortion": [
    0.002494150074198842,
    0.03005794994533062
  ],
  "image_size": [
    480,
    856
  ]
}