{
  "orientation": [
    [
      0.7406967751000013,
      0.11450400743986236,
      0.66200990901698
    ],
    [
      -0.24968023508063766,
      0.9617105547329307,
      0.11301587996983574
    ],
    [
      -0.623721145678528,
      -0.24900128753781725,
      0.7409252939655749
    ]
  ],
  "position": [
    2.6845608845292865,
    1.5997606171552687,
    0.17843055129051208
  ],
  "focal_length": 716.3578491210938,
  "principal_point": [
    310.08148193359375,
    453.3079833984375
  ],
  "skew": 0.0,
  "pixel_aspect_ratio": 1.0,
  "radial_distortion": [
    0.09550585597753525,
    -0.23209302127361298,
    0.0
  ],
  "tangential_distortion": [
    0.002494150074198842,
    0.03005794994533062
  ],
  "image_size": [
    480,
    856
  ]
}