{
  "orientation": [
    [
      0.985340165462344,
      0.15892350520404985,
      -0.06203287693069574
    ],
    [
      -0.1190796025694498,
      0.9010724319343667,
      0.4169994252511485
    ],
    [
      0.12216712560481399,
      -0.4034994323435222,
      0.9067874070144077
    ]
  ],
  "position": [
    -2.293814622178544,
    2.1549757746747544,
    0.17843055129051208
  ],
  "focal_length": 716.3578491210938,
  "principal_point": [
    310.08148193359375,
    453.3079833984375
  ],
  "skew": 0.0,
  "pixel_aspect_ratio": 1.0,
  "radial_distortion": [
    0.09550585597753525,
    -0.23209302127361298,
    0.0
  ],
  "tangential_distortion": [
    0.002494150074198842,
    0.03005794994533062
  ],
  "image_size": [
    480,
    856
  ]
}