{
  "orientation": [
    [
      0.7700858326174945,
      0.11947870910006098,
      0.6266519356657276
    ],
    [
      0.05690314599011308,
      0.9655245457817067,
      -0.25401650235655354
    ],
    [
      -0.6353973893385525,
      0.23127297629600413,
      0.7367380593243028
    ]
  ],
  "position": [
    2.789747481481581,
    -1.7138381069871456,
    0.17843055129051208
  ],
  "focal_length": 716.3578491210938,
  "principal_point": [
    310.08148193359375,
    453.3079833984375
  ],
  "skew": 0.0,
  "pixel_aspect_ratio": 1.0,
  "radial_distortion": [
    0.09550585597753525,
    -0.23209302127361298,
    0.0
  ],
  "tangential_distortion": [
    0.002494150074198842,
    0.03005794994533062
  ],
  "image_size": [
    480,
    856
  ]
}