{
  "orientation": [
    [
      0.7239913814685079,
      0.11168608303693246,
      0.6807074984273265
    ],
    [
      -0.17711929914694652,
      0.9838199815385124,
      0.026962896640674444
    ],
    [
      -0.6666822582227727,
      -0.14008733983279376,
      0.7320589483023588
    ]
  ],
  "position": [
    3.0357145887082266,
    0.8620459779111649,
    0.17843055129051208
  ],
  "focal_length": 716.3578491210938,
  "principal_point": [
    310.08148193359375,
    453.3079833984375
  ],
  "skew": 0.0,
  "pixel_aspect_ratio": 1.0,
  "radial_distortion": [
    0.09550585597753525,
    -0.23209302127361298,
    0.0
  ],
  "tangential_distortion": [
    0.002494150074198842,
    0.03005794994533062
  ],
  "image_size": [
    480,
    856
  ]
}