{
  "orientation": [
    [
      0.722081353517107,
      0.11136430913392961,
      0.682785844576486
    ],
    [
      -0.15759565240689755,
      0.9874878284140797,
      0.005603487886101169
    ],
    [
      -0.6736186823755315,
      -0.1116502547474385,
      0.7305970786757124
    ]
  ],
  "position": [
    3.093405445637023,
    0.6655689626681759,
    0.17843055129051208
  ],
  "focal_length": 716.3578491210938,
  "principal_point": [
    310.08148193359375,
    453.3079833984375
  ],
  "skew": 0.0,
  "pixel_aspect_ratio": 1.0,
  "radial_distortion": [
    0.09550585597753525,
    -0.23209302127361298,
    0.0
  ],
  "tangential_distortion": [
    0.002494150074198842,
    0.03005794994533062
  ],
  "image_size": [
    480,
    856
  ]
}