{
  "orientation": [
    [
      0.8029257713597688,
      0.12506787028585195,
      0.5828106326316306
    ],
    [
      -0.33396939983700535,
      0.9042563801737304,
      0.2660542029128879
    ],
    [
      -0.4937354004513254,
      -0.40826269329595005,
      0.7678195931362434
    ]
  ],
  "position": [
    1.6711941716967131,
    2.597174837218631,
    0.17843055129051208
  ],
  "focal_length": 716.3578491210938,
  "principal_point": [
    310.08148193359375,
    453.3079833984375
  ],
  "skew": 0.0,
  "pixel_aspect_ratio": 1.0,
  "radial_distortion": [
    0.09550585597753525,
    -0.23209302127361298,
    0.0
  ],
  "tangential_distortion": [
    0.002494150074198842,
    0.03005794994533062
  ],
  "image_size": [
    480,
    856
  ]
}