{
  "orientation": [
    [
      0.85179795287254,
      0.1334625099673392,
      0.5065846483218456
    ],
    [
      0.099495999626309,
      0.9081880402473659,
      -0.4065649143863874
    ],
    [
      -0.5143352929174816,
      0.39671430776424854,
      0.7603137276641936
    ]
  ],
  "position": [
    1.841680923052176,
    -2.7735158985113073,
    0.17843055129051208
  ],
  "focal_length": 716.3578491210938,
  "principal_point": [
    310.08148193359375,
    453.3079833984375
  ],
  "skew": 0.0,
  "pixel_aspect_ratio": 1.0,
  "radial_distortion": [
    0.09550585597753525,
    -0.23209302127361298,
    0.0
  ],
  "tangential_distortion": [
    0.002494150074198842,
    0.03005794994533062
  ],
  "image_size": [
    480,
    856
  ]
}