{
  "orientation": [
    [
      0.7343181677518223,
      0.11342725459936386,
      0.6692615978999973
    ],
    [
      -0.021234698824900075,
      0.9892961625814813,
      -0.1443682453566956
    ],
    [
      -0.678473224287755,
      0.09180065694539642,
      0.7288667390606951
    ]
  ],
  "position": [
    3.1385188097770755,
    -0.7555967579420783,
    0.17843055129051208
  ],
  "focal_length": 716.3578491210938,
  "principal_point": [
    310.08148193359375,
    453.3079833984375
  ],
  "skew": 0.0,
  "pixel_aspect_ratio": 1.0,
  "radial_distortion": [
    0.09550585597753525,
    -0.23209302127361298,
    0.0
  ],
  "tangential_distortion": [
    0.002494150074198842,
    0.03005794994533062
  ],
  "image_size": [
    480,
    856
  ]
}