{
  "orientation": [
    [
      0.8147559397886504,
      0.12709049110633805,
      0.56570377906592
    ],
    [
      -0.3394467487687933,
      0.8955484768257299,
      0.2876957253860597
    ],
    [
      -0.47005176664853526,
      -0.42642810968024275,
      0.7727938948679175
    ]
  ],
  "position": [
    1.4938566703920555,
    2.6995606913342916,
    0.17843055129051208
  ],
  "focal_length": 716.3578491210938,
  "principal_point": [
    310.08148193359375,
    453.3079833984375
  ],
  "skew": 0.0,
  "pixel_aspect_ratio": 1.0,
  "radial_distortion": [
    0.09550585597753525,
    -0.23209302127361298,
    0.0
  ],
  "tangential_distortion": [
    0.002494150074198842,
    0.03005794994533062
  ],
  "image_size": [
    480,
    856
  ]
}