{
  "orientation": [
    [
      0.9808035846647967,
      0.15694928983062215,
      0.11572056312664823
    ],
    [
      -0.1934406129360986,
      0.8579781156050664,
      0.4758721282127015
    ],
    [
      -0.024597918114988536,
      -0.4891221458536125,
      0.8718683781741172
    ]
  ],
  "position": [
    -1.4631596378501963,
    2.746482511298425,
    0.17843055129051208
  ],
  "focal_length": 716.3578491210938,
  "principal_point": [
    310.08148193359375,
    453.3079833984375
  ],
  "skew": 0.0,
  "pixel_aspect_ratio": 1.0,
  "radial_distortion": [
    0.09550585597753525,
    -0.23209302127361298,
    0.0
  ],
  "tangential_distortion": [
    0.002494150074198842,
    0.03005794994533062
  ],
  "image_size": [
    480,
    856
  ]
}