{
  "orientation": [
    [
      0.9692866789032848,
      0.1545677325121179,
      0.19129074772895574
    ],
    [
      -0.026406715061595337,
      0.8387287383339163,
      -0.5439088056765149
    ],
    [
      -0.24451179828445155,
      0.522152199611243,
      0.8170502193505882
    ]
  ],
  "position": [
    -0.0813586718350241,
    -3.3714720174764787,
    0.17843055129051208
  ],
  "focal_length": 716.3578491210938,
  "principal_point": [
    310.08148193359375,
    453.3079833984375
  ],
  "skew": 0.0,
  "pixel_aspect_ratio": 1.0,
  "radial_distortion": [
    0.09550585597753525,
    -0.23209302127361298,
    0.0
  ],
  "tangential_distortion": [
    0.002494150074198842,
    0.03005794994533062
  ],
  "image_size": [
    480,
    856
  ]
}