{
  "orientation": [
    [
      0.9056061091075571,
      0.14286831517778673,
      0.39933221716427036
    ],
    [
      0.07466617496689776,
      0.8731434960693666,
      -0.4817109066520881
    ],
    [
      -0.4174955538240904,
      0.46605694908457773,
      0.7800566535496581
    ]
  ],
  "position": [
    1.121510430267503,
    -3.159373740515238,
    0.17843055129051208
  ],
  "focal_length": 716.3578491210938,
  "principal_point": [
    310.08148193359375,
    453.3079833984375
  ],
  "skew": 0.0,
  "pixel_aspect_ratio": 1.0,
  "radial_distortion": [
    0.09550585597753525,
    -0.23209302127361298,
    0.0
  ],
  "tangential_distortion": [
    0.002494150074198842,
    0.03005794994533062
  ],
  "image_size": [
    480,
    856
  ]
}