{
  "orientation": [
    [
      0.9580025037294991,
      0.15577764324841553,
      -0.24075823705946262
    ],
    [
      -0.09908960433529605,
      0.9676942390487301,
      0.23183854300908188
    ],
    [
      0.2690956208500716,
      -0.19824526621301405,
      0.9424894488870662
    ]
  ],
  "position": [
    -3.062541840682554,
    0.9588128741495858,
    0.17843055129051208
  ],
  "focal_length": 716.3578491210938,
  "principal_point": [
    310.08148193359375,
    453.3079833984375
  ],
  "skew": 0.0,
  "pixel_aspect_ratio": 1.0,
  "radial_distortion": [
    0.09550585597753525,
    -0.23209302127361298,
    0.0
  ],
  "tangential_distortion": [
    0.002494150074198842,
    0.03005794994533062
  ],
  "image_size": [
    480,
    856
  ]
}