{
  "orientation": [
    [
      0.878863560314503,
      0.13816570245808427,
      0.4566279459424054
    ],
    [
      0.09191294975621804,
      0.8901753328477654,
      -0.4462509231995843
    ],
    [
      -0.4681355060433113,
      0.43416369660950976,
      0.7696434450626722
    ]
  ],
  "position": [
    1.4938566703920562,
    -2.9893289103284317,
    0.17843055129051208
  ],
  "focal_length": 716.3578491210938,
  "principal_point": [
    310.08148193359375,
    453.3079833984375
  ],
  "skew": 0.0,
  "pixel_aspect_ratio": 1.0,
  "radial_distortion": [
    0.09550585597753525,
    -0.23209302127361298,
    0.0
  ],
  "tangential_distortion": [
    0.002494150074198842,
    0.03005794994533062
  ],
  "image_size": [
    480,
    856
  ]
}