{
  "orientation": [
    [
      0.7210847062231693,
      0.11119644124824449,
      0.6838656285446515
    ],
    [
      -0.13779900981856513,
      0.9903353014827745,
      -0.015729702160087136
    ],
    [
      -0.679005360320571,
      -0.08289355880131927,
      0.7294383994314967
    ]
  ],
  "position": [
    3.1385188097770755,
    0.4658285389479392,
    0.17843055129051208
  ],
  "focal_length": 716.3578491210938,
  "principal_point": [
    310.08148193359375,
    453.3079833984375
  ],
  "skew": 0.0,
  "pixel_aspect_ratio": 1.0,
  "radial_distortion": [
    0.09550585597753525,
    -0.23209302127361298,
    0.0
  ],
  "tangential_distortion": [
    0.002494150074198842,
    0.03005794994533062
  ],
  "image_size": [
    480,
    856
  ]
}