{
  "orientation": [
    [
      0.9462555545907257,
      0.1541930128592727,
      -0.2842972743301948
    ],
    [
      -0.12110808820409087,
      0.9840107923426908,
      0.13059705787137668
    ],
    [
      0.29988873999826676,
      -0.08914749204823282,
      0.9497996990333079
    ]
  ],
  "position": [
    -3.216618765330049,
    0.364985462663475,
    0.17843055129051208
  ],
  "focal_length": 716.3578491210938,
  "principal_point": [
    310.08148193359375,
    453.3079833984375
  ],
  "skew": 0.0,
  "pixel_aspect_ratio": 1.0,
  "radial_distortion": [
    0.09550585597753525,
    -0.23209302127361298,
    0.0
  ],
  "tangential_distortion": [
    0.002494150074198842,
    0.03005794994533062
  ],
  "image_size": [
    480,
    856
  ]
}