{
  "orientation": [
    [
      0.9432559003329979,
      0.15378064697024144,
      -0.2943124514939855
    ],
    [
      -0.13111864655204084,
      0.9867690378351862,
      0.0953664851831176
    ],
    [
      0.3050839343743728,
      -0.051365149539690534,
      0.9509392275005899
    ]
  ],
  "position": [
    -3.2425413182975396,
    0.16186118115183362,
    0.17843055129051208
  ],
  "focal_length": 716.3578491210938,
  "principal_point": [
    310.08148193359375,
    453.3079833984375
  ],
  "skew": 0.0,
  "pixel_aspect_ratio": 1.0,
  "radial_distortion": [
    0.09550585597753525,
    -0.23209302127361298,
    0.0
  ],
  "tangential_distortion": [
    0.002494150074198842,
    0.03005794994533062
  ],
  "image_size": [
    480,
    856
  ]
}