{
  "orientation": [
    [
      0.8652870683704101,
      0.13580060257091758,
      0.4825313312649418
    ],
    [
      0.09691229894240826,
      0.8991243606090542,
      -0.42682946298616375
    ],
    [
      -0.49181937296596867,
      0.4160932353460403,
      0.764839933498916
    ]
  ],
  "position": [
    1.6711941716967131,
    -2.886943056212772,
    0.17843055129051208
  ],
  "focal_length": 716.3578491210938,
  "principal_point": [
    310.08148193359375,
    453.3079833984375
  ],
  "skew": 0.0,
  "pixel_aspect_ratio": 1.0,
  "radial_distortion": [
    0.09550585597753525,
    -0.23209302127361298,
    0.0
  ],
  "tangential_distortion": [
    0.002494150074198842,
    0.03005794994533062
  ],
  "image_size": [
    480,
    856
  ]
}