{
  "orientation": [
    [
      0.980804881011785,
      0.1569495780114292,
      0.11570918436102114
    ],
    [
      -0.06958096103046003,
      0.8360478299019561,
      -0.5442265300206409
    ],
    [
      -0.18215453671412105,
      0.5257288807724607,
      0.8309204947985094
    ]
  ],
  "position": [
    -0.4894084432497252,
    -3.3390320597613172,
    0.17843055129051208
  ],
  "focal_length": 716.3578491210938,
  "principal_point": [
    310.08148193359375,
    453.3079833984375
  ],
  "skew": 0.0,
  "pixel_aspect_ratio": 1.0,
  "radial_distortion": [
    0.09550585597753525,
    -0.23209302127361298,
    0.0
  ],
  "tangential_distortion": [
    0.002494150074198842,
    0.03005794994533062
  ],
  "image_size": [
    480,
    856
  ]
}