{
  "orientation": [
    [
      0.7797763012983003,
      0.1211243682676064,
      0.6142294419395049
    ],
    [
      0.06864333006525715,
      0.9586494542333351,
      -0.2761871053030554
    ],
    [
      -0.6222837079428438,
      0.25752691375835285,
      0.7392177456737652
    ]
  ],
  "position": [
    2.6845608845292865,
    -1.8895288361494091,
    0.17843055129051208
  ],
  "focal_length": 716.3578491210938,
  "principal_point": [
    310.08148193359375,
    453.3079833984375
  ],
  "skew": 0.0,
  "pixel_aspect_ratio": 1.0,
  "radial_distortion": [
    0.09550585597753525,
    -0.23209302127361298,
    0.0
  ],
  "tangential_distortion": [
    0.002494150074198842,
    0.03005794994533062
  ],
  "image_size": [
    480,
    856
  ]
}