{
  "orientation": [
    [
      0.9419068847988319,
      0.1493969220622736,
      0.30081884922138585
    ],
    [
      0.031885374368950725,
      0.8518118536121554,
      -0.5228765523019516
    ],
    [
      -0.33435720908918926,
      0.5020927461377457,
      0.7975638726810195
    ]
  ],
  "position": [
    0.5302023441332282,
    -3.3228529153765813,
    0.17843055129051208
  ],
  "focal_length": 716.3578491210938,
  "principal_point": [
    310.08148193359375,
    453.3079833984375
  ],
  "skew": 0.0,
  "pixel_aspect_ratio": 1.0,
  "radial_distortion": [
    0.09550585597753525,
    -0.23209302127361298,
    0.0
  ],
  "tangential_distortion": [
    0.002494150074198842,
    0.03005794994533062
  ],
  "image_size": [
    480,
    856
  ]
}