{
  "orientation": [
    [
      0.9522407345344562,
      0.15130831086297206,
      0.26522326171939237
    ],
    [
      0.013805947833218701,
      0.8463696722320557,
      -0.5324169172089003
    ],
    [
      -0.3050360295075084,
      0.510650734837028,
      0.8038587237274332
    ]
  ],
  "position": [
    0.32751491663528265,
    -3.3519949679164656,
    0.17843055129051208
  ],
  "focal_length": 716.3578491210938,
  "principal_point": [
    310.08148193359375,
    453.3079833984375
  ],
  "skew": 0.0,
  "pixel_aspect_ratio": 1.0,
  "radial_distortion": [
    0.09550585597753525,
    -0.23209302127361298,
    0.0
  ],
  "tangential_distortion": [
    0.002494150074198842,
    0.03005794994533062
  ],
  "image_size": [
    480,
    856
  ]
}