{
  "orientation": [
    [
      0.8933950595069504,
      0.14071281746415076,
      0.42666751768780475
    ],
    [
      -0.32841689292102877,
      0.8525894855576182,
      0.4064892539301549
    ],
    [
      -0.30657399122017864,
      -0.5032803116732235,
      0.8079117004904887
    ]
  ],
  "position": [
    0.3275149166352834,
    3.062226748922325,
    0.17843055129051208
  ],
  "focal_length": 716.3578491210938,
  "principal_point": [
    310.08148193359375,
    453.3079833984375
  ],
  "skew": 0.0,
  "pixel_aspect_ratio": 1.0,
  "radial_distortion": [
    0.09550585597753525,
    -0.23209302127361298,
    0.0
  ],
  "tangential_distortion": [
    0.002494150074198842,
    0.03005794994533062
  ],
  "image_size": [
    480,
    856
  ]
}