{
  "orientation": [
    [
      0.7902371125073385,
      0.12290413692557312,
      0.6003497973203988
    ],
    [
      0.07873087845541898,
      0.9511996149099302,
      -0.2983634383982705
    ],
    [
      -0.607722596908904,
      0.2830439289611782,
      0.7419968864385601
    ]
  ],
  "position": [
    2.5684430675366876,
    -2.058194496758929,
    0.17843055129051208
  ],
  "focal_length": 716.3578491210938,
  "principal_point": [
    310.08148193359375,
    453.3079833984375
  ],
  "skew": 0.0,
  "pixel_aspect_ratio": 1.0,
  "radial_distortion": [
    0.09550585597753525,
    -0.23209302127361298,
    0.0
  ],
  "tangential_distortion": [
    0.002494150074198842,
    0.03005794994533062
  ],
  "image_size": [
    480,
    856
  ]
}