{
  "orientation": [
    [
      0.9616265723787504,
      0.15308081385938696,
      0.22768530853624186
    ],
    [
      -0.24696280434052953,
      0.8444609727251668,
      0.4752841663850441
    ],
    [
      -0.11951447011704172,
      -0.5132756861299906,
      0.8498613777907724
    ]
  ],
  "position": [
    -0.8900687240380514,
    2.965428846840001,
    0.17843055129051208
  ],
  "focal_length": 716.3578491210938,
  "principal_point": [
    310.08148193359375,
    453.3079833984375
  ],
  "skew": 0.0,
  "pixel_aspect_ratio": 1.0,
  "radial_distortion": [
    0.09550585597753525,
    -0.23209302127361298,
    0.0
  ],
  "tangential_distortion": [
    0.002494150074198842,
    0.03005794994533062
  ],
  "image_size": [
    480,
    856
  ]
}