{
  "orientation": [
    [
      0.8385445601046554,
      0.1311751569099886,
      0.5288062962262553
    ],
    [
      0.09971074560528585,
      0.9172435603923788,
      -0.3856449379021468
    ],
    [
      -0.5356312051493342,
      0.3761081348872324,
      0.7560700251576696
    ]
  ],
  "position": [
    2.004630434482975,
    -2.6495041683546914,
    0.17843055129051208
  ],
  "focal_length": 716.3578491210938,
  "principal_point": [
    310.08148193359375,
    453.3079833984375
  ],
  "skew": 0.0,
  "pixel_aspect_ratio": 1.0,
  "radial_distortion": [
    0.09550585597753525,
    -0.23209302127361298,
    0.0
  ],
  "tangential_distortion": [
    0.002494150074198842,
    0.03005794994533062
  ],
  "image_size": [
    480,
    856
  ]
}