{
  "orientation": [
    [
      0.9872991395973689,
      0.15876303826021015,
      0.005891233545015424
    ],
    [
      -0.14444782832005773,
      0.8816033339383232,
      0.4493443962958168
    ],
    [
      0.06614555044682892,
      -0.44448831173746295,
      0.8933391891576602
    ]
  ],
  "position": [
    -1.9844581858134556,
    2.4230346526990476,
    0.17843055129051208
  ],
  "focal_length": 716.3578491210938,
  "principal_point": [
    310.08148193359375,
    453.3079833984375
  ],
  "skew": 0.0,
  "pixel_aspect_ratio": 1.0,
  "radial_distortion": [
    0.09550585597753525,
    -0.23209302127361298,
    0.0
  ],
  "tangential_distortion": [
    0.002494150074198842,
    0.03005794994533062
  ],
  "image_size": [
    480,
    856
  ]
}