{
  "orientation": [
    [
      0.9379113052477149,
      0.15303984705640228,
      -0.31128955764927396
    ],
    [
      -0.18776191461738412,
      0.9785616306628606,
      -0.08463213582119453
    ],
    [
      0.29166392801946184,
      0.13782576031858468,
      0.9465390709763978
    ]
  ],
  "position": [
    -3.177865464737465,
    -0.855824898357454,
    0.17843055129051208
  ],
  "focal_length": 716.3578491210938,
  "principal_point": [
    310.08148193359375,
    453.3079833984375
  ],
  "skew": 0.0,
  "pixel_aspect_ratio": 1.0,
  "radial_distortion": [
    0.09550585597753525,
    -0.23209302127361298,
    0.0
  ],
  "tangential_distortion": [
    0.002494150074198842,
    0.03005794994533062
  ],
  "image_size": [
    480,
    856
  ]
}