{
  "orientation": [
    [
      0.9715445066145668,
      0.1575087141779585,
      -0.17689623123476628
    ],
    [
      -0.09399439178738164,
      0.9419099409325076,
      0.32244490612357335
    ],
    [
      0.21740820127027852,
      -0.2966423235658156,
      0.9299123646289988
    ]
  ],
  "position": [
    -2.798866710226128,
    1.512749800992263,
    0.17843055129051208
  ],
  "focal_length": 716.3578491210938,
  "principal_point": [
    310.08148193359375,
    453.3079833984375
  ],
  "skew": 0.0,
  "pixel_aspect_ratio": 1.0,
  "radial_distortion": [
    0.09550585597753525,
    -0.23209302127361298,
    0.0
  ],
  "tangential_distortion": [
    0.002494150074198842,
    0.03005794994533062
  ],
  "image_size": [
    480,
    856
  ]
}