{
  "orientation": [
    [
      0.9184056010866392,
      0.14514606781434444,
      0.3680540325695707
    ],
    [
      0.06252899188695908,
      0.8653327649152341,
      -0.49728194330556275
    ],
    [
      -0.3906677323075065,
      0.47972056966758264,
      0.7856506208051519
    ]
  ],
  "position": [
    0.9280009983393056,
    -3.2263480060714844,
    0.17843055129051208
  ],
  "focal_length": 716.3578491210938,
  "principal_point": [
    310.08148193359375,
    453.3079833984375
  ],
  "skew": 0.0,
  "pixel_aspect_ratio": 1.0,
  "radial_distortion": [
    0.09550585597753525,
    -0.23209302127361298,
    0.0
  ],
  "tangential_distortion": [
    0.002494150074198842,
    0.03005794994533062
  ],
  "image_size": [
    480,
    856
  ]
}