{
  "orientation": [
    [
      0.8923627233238355,
      0.14053126496504986,
      0.42888195764031706
    ],
    [
      0.08448715082312401,
      0.8814702448898949,
      -0.4646204135846158
    ],
    [
      -0.4433403786796986,
      0.4508449522186887,
      0.7747181020804083
    ]
  ],
  "position": [
    1.310382494665793,
    -3.0802611891602116,
    0.17843055129051208
  ],
  "focal_length": 716.3578491210938,
  "principal_point": [
    310.08148193359375,
    453.3079833984375
  ],
  "skew": 0.0,
  "pixel_aspect_ratio": 1.0,
  "radial_distortion": [
    0.09550585597753525,
    -0.23209302127361298,
    0.0
  ],
  "tangential_distortion": [
    0.002494150074198842,
    0.03005794994533062
  ],
  "image_size": [
    480,
    856
  ]
}