{
  "orientation": [
    [
      0.9865197693072515,
      0.15839101373315725,
      0.04112215381701217
    ],
    [
      -0.11246480483231533,
      0.8387821822658235,
      -0.532725180921094
    ],
    [
      -0.11887141136537602,
      0.5209191275831268,
      0.8452886193946052
    ]
  ],
  "position": [
    -0.8900687240380503,
    -3.255197065834142,
    0.17843055129051208
  ],
  "focal_length": 716.3578491210938,
  "principal_point": [
    310.08148193359375,
    453.3079833984375
  ],
  "skew": 0.0,
  "pixel_aspect_ratio": 1.0,
  "radial_distortion": [
    0.09550585597753525,
    -0.23209302127361298,
    0.0
  ],
  "tangential_distortion": [
    0.002494150074198842,
    0.03005794994533062
  ],
  "image_size": [
    480,
    856
  ]
}