{
  "orientation": [
    [
      0.8256575628637418,
      0.12895929058949784,
      0.5492350045805162
    ],
    [
      0.09763287674658963,
      0.9261755484610237,
      -0.36423436797082587
    ],
    [
      -0.5556594373031843,
      0.35435625407712956,
      0.7521131796028662
    ]
  ],
  "position": [
    2.1593865658185885,
    -2.5154072172111004,
    0.17843055129051208
  ],
  "focal_length": 716.3578491210938,
  "principal_point": [
    310.08148193359375,
    453.3079833984375
  ],
  "skew": 0.0,
  "pixel_aspect_ratio": 1.0,
  "radial_distortion": [
    0.09550585597753525,
    -0.23209302127361298,
    0.0
  ],
  "tangential_distortion": [
    0.002494150074198842,
    0.03005794994533062
  ],
  "image_size": [
    480,
    856
  ]
}