{
  "orientation": [
    [
      0.9065006601579462,
      0.143026847338284,
      0.3972403228194223
    ],
    [
      -0.3190920308921968,
      0.8482011172241914,
      0.42277078962568654
    ],
    [
      -0.27647211243505365,
      -0.5099982212519024,
      0.8145335998997184
    ]
  ],
  "position": [
    0.12338726130505429,
    3.078454897965148,
    0.17843055129051208
  ],
  "focal_length": 716.3578491210938,
  "principal_point": [
    310.08148193359375,
    453.3079833984375
  ],
  "skew": 0.0,
  "pixel_aspect_ratio": 1.0,
  "radial_distortion": [
    0.09550585597753525,
    -0.23209302127361298,
    0.0
  ],
  "tangential_distortion": [
    0.002494150074198842,
    0.03005794994533062
  ],
  "image_size": [
    480,
    856
  ]
}