{
  "orientation": [
    [
      0.9430059419491426,
      0.15374616811646816,
      -0.295130325853026
    ],
    [
      -0.21577376509993546,
      0.9576697445869263,
      -0.19055272917859098
    ],
    [
      0.2533406318441802,
      0.24337373747451524,
      0.9362626491345669
    ]
  ],
  "position": [
    -2.986435884751542,
    -1.4386845806546067,
    0.17843055129051208
  ],
  "focal_length": 716.3578491210938,
  "principal_point": [
    310.08148193359375,
    453.3079833984375
  ],
  "skew": 0.0,
  "pixel_aspect_ratio": 1.0,
  "radial_distortion": [
    0.09550585597753525,
    -0.23209302127361298,
    0.0
  ],
  "tangential_distortion": [
    0.002494150074198842,
    0.03005794994533062
  ],
  "image_size": [
    480,
    856
  ]
}