{
  "orientation": [
    [
      0.8014164771219031,
      0.12481020059861829,
      0.5849393507228342
    ],
    [
      0.0870177828141223,
      0.9432481459560029,
      -0.32048532045115197
    ],
    [
      -0.5917427952004422,
      0.3077423418658797,
      0.7450738992551489
    ]
  ],
  "position": [
    2.4418615959697525,
    -2.2191559317299263,
    0.17843055129051208
  ],
  "focal_length": 716.3578491210938,
  "principal_point": [
    310.08148193359375,
    453.3079833984375
  ],
  "skew": 0.0,
  "pixel_aspect_ratio": 1.0,
  "radial_distortion": [
    0.09550585597753525,
    -0.23209302127361298,
    0.0
  ],
  "tangential_distortion": [
    0.002494150074198842,
    0.03005794994533062
  ],
  "image_size": [
    480,
    856
  ]
}