{
  "orientation": [
    [
      0.9497732086039805,
      0.15467301712983075,
      -0.27204247828244577
    ],
    [
      -0.11225207828163046,
      0.9798506001215599,
      0.16520372986973944
    ],
    [
      0.292113544943665,
      -0.12636874302363782,
      0.9479982160569034
    ]
  ],
  "position": [
    -3.177865464737465,
    0.5660566793633143,
    0.17843055129051208
  ],
  "focal_length": 716.3578491210938,
  "principal_point": [
    310.08148193359375,
    453.3079833984375
  ],
  "skew": 0.0,
  "pixel_aspect_ratio": 1.0,
  "radial_distortion": [
    0.09550585597753525,
    -0.23209302127361298,
    0.0
  ],
  "tangential_distortion": [
    0.002494150074198842,
    0.03005794994533062
  ],
  "image_size": [
    480,
    856
  ]
}