{
  "orientation": [
    [
      0.96141124714787,
      0.15303963251244715,
      0.22862039440529444
    ],
    [
      -0.005738091742094276,
      0.8419723123141898,
      -0.5394902219683466
    ],
    [
      -0.2750554274337021,
      0.5173601223294579,
      0.8103598062974939
    ]
  ],
  "position": [
    0.12338726130505495,
    -3.3682231169592884,
    0.17843055129051208
  ],
  "focal_length": 716.3578491210938,
  "principal_point": [
    310.08148193359375,
    453.3079833984375
  ],
  "skew": 0.0,
  "pixel_aspect_ratio": 1.0,
  "radial_distortion": [
    0.09550585597753525,
    -0.23209302127361298,
    0.0
  ],
  "tangential_distortion": [
    0.002494150074198842,
    0.03005794994533062
  ],
  "image_size": [
    480,
    856
  ]
}