{
  "orientation": [
    [
      0.7543871017857043,
      0.11681848782752709,
      0.6459516557460435
    ],
    [
      -0.2806821960007082,
      0.946947961606893,
      0.15654731826757798
    ],
    [
      -0.5933949827118403,
      -0.2994044069652954,
      0.7471541979954168
    ]
  ],
  "position": [
    2.4418615959697534,
    1.9293877127357848,
    0.17843055129051208
  ],
  "focal_length": 716.3578491210938,
  "principal_point": [
    310.08148193359375,
    453.3079833984375
  ],
  "skew": 0.0,
  "pixel_aspect_ratio": 1.0,
  "radial_distortion": [
    0.09550585597753525,
    -0.23209302127361298,
    0.0
  ],
  "tangential_distortion": [
    0.002494150074198842,
    0.03005794994533062
  ],
  "image_size": [
    480,
    856
  ]
}