{
  "orientation": [
    [
      0.739710354765431,
      0.11433742764623664,
      0.6631406665949855
    ],
    [
      -0.0035272200385037117,
      0.9861046667248072,
      -0.166087762891662
    ],
    [
      -0.6729161535968655,
      0.12051779496322754,
      0.7298351261247991
    ]
  ],
  "position": [
    3.093405445637023,
    -0.9553371816623172,
    0.17843055129051208
  ],
  "focal_length": 716.3578491210938,
  "principal_point": [
    310.08148193359375,
    453.3079833984375
  ],
  "skew": 0.0,
  "pixel_aspect_ratio": 1.0,
  "radial_distortion": [
    0.09550585597753525,
    -0.23209302127361298,
    0.0
  ],
  "tangential_distortion": [
    0.002494150074198842,
    0.03005794994533062
  ],
  "image_size": [
    480,
    856
  ]
}