{
  "orientation": [
    [
      0.9852593395120945,
      0.15891947268535317,
      -0.06331378290388698
    ],
    [
      -0.16930839019560112,
      0.852944426286576,
      -0.49378180877391387
    ],
    [
      -0.024468406436981588,
      0.4972226934363246,
      0.8672778621747251
    ]
  ],
  "position": [
    -1.4631596378501959,
    -3.0362507302925663,
    0.17843055129051208
  ],
  "focal_length": 716.3578491210938,
  "principal_point": [
    310.08148193359375,
    453.3079833984375
  ],
  "skew": 0.0,
  "pixel_aspect_ratio": 1.0,
  "radial_distortion": [
    0.09550585597753525,
    -0.23209302127361298,
    0.0
  ],
  "tangential_distortion": [
    0.002494150074198842,
    0.03005794994533062
  ],
  "image_size": [
    480,
    856
  ]
}