{
  "orientation": [
    [
      0.9758167421843572,
      0.15588450051883837,
      0.15323742418449873
    ],
    [
      -0.21130076739535603,
      0.8522106864515779,
      0.47863235535833143
    ],
    [
      -0.055979204807154626,
      -0.49943665103366486,
      0.8645399702925458
    ]
  ],
  "position": [
    -1.2768927402995882,
    2.831547753135757,
    0.17843055129051208
  ],
  "focal_length": 716.3578491210938,
  "principal_point": [
    310.08148193359375,
    453.3079833984375
  ],
  "skew": 0.0,
  "pixel_aspect_ratio": 1.0,
  "radial_distortion": [
    0.09550585597753525,
    -0.23209302127361298,
    0.0
  ],
  "tangential_distortion": [
    0.002494150074198842,
    0.03005794994533062
  ],
  "image_size": [
    480,
    856
  ]
}