{
  "orientation": [
    [
      0.982734000368564,
      0.15873556474879089,
      -0.09506263726344756
    ],
    [
      -0.1849170423681132,
      0.8600866540132123,
      -0.4754541355695482
    ],
    [
      0.006290624883809898,
      0.48482364636250913,
      0.8745893093139956
    ]
  ],
  "position": [
    -1.6436563488095988,
    -2.9395429755631226,
    0.17843055129051208
  ],
  "focal_length": 716.3578491210938,
  "principal_point": [
    310.08148193359375,
    453.3079833984375
  ],
  "skew": 0.0,
  "pixel_aspect_ratio": 1.0,
  "radial_distortion": [
    0.09550585597753525,
    -0.23209302127361298,
    0.0
  ],
  "tangential_distortion": [
    0.002494150074198842,
    0.03005794994533062
  ],
  "image_size": [
    480,
    856
  ]
}