{
  "orientation": [
    [
      0.9624922083572998,
      0.15636648221569316,
      -0.22171664820436301
    ],
    [
      -0.0952565930829303,
      0.9599477427109987,
      0.26348911313048745
    ],
    [
      0.25403726168757407,
      -0.23248624583735514,
      0.938837161157744
    ]
  ],
  "position": [
    -2.986435884751542,
    1.1489163616604654,
    0.17843055129051208
  ],
  "focal_length": 716.3578491210938,
  "principal_point": [
    310.08148193359375,
    453.3079833984375
  ],
  "skew": 0.0,
  "pixel_aspect_ratio": 1.0,
  "radial_distortion": [
    0.09550585597753525,
    -0.23209302127361298,
    0.0
  ],
  "tangential_distortion": [
    0.002494150074198842,
    0.03005794994533062
  ],
  "image_size": [
    480,
    856
  ]
}