{
  "orientation": [
    [
      0.7262519199586343,
      0.11206701367043276,
      0.6782323593012859
    ],
    [
      -0.05871032315836959,
      0.9931290295138728,
      -0.10123155976015201
    ],
    [
      -0.6849169633693105,
      0.03370037364517569,
      0.7278413550390898
    ]
  ],
  "position": [
    3.190337813898579,
    -0.34955272385217256,
    0.17843055129051208
  ],
  "focal_length": 716.3578491210938,
  "principal_point": [
    310.08148193359375,
    453.3079833984375
  ],
  "skew": 0.0,
  "pixel_aspect_ratio": 1.0,
  "radial_distortion": [
    0.09550585597753525,
    -0.23209302127361298,
    0.0
  ],
  "tangential_distortion": [
    0.002494150074198842,
    0.03005794994533062
  ],
  "image_size": [
    480,
    856
  ]
}