{
  "orientation": [
    [
      0.8531588306217256,
      0.13369791003097134,
      0.5042270109638317
    ],
    [
      -0.3436333346101877,
      0.871280694497613,
      0.3504084512971112
    ],
    [
      -0.3924743827014096,
      -0.4722232737266424,
      0.789283877115224
    ]
  ],
  "position": [
    0.9280009983393056,
    2.936579787077344,
    0.17843055129051208
  ],
  "focal_length": 716.3578491210938,
  "principal_point": [
    310.08148193359375,
    453.3079833984375
  ],
  "skew": 0.0,
  "pixel_aspect_ratio": 1.0,
  "radial_distortion": [
    0.09550585597753525,
    -0.23209302127361298,
    0.0
  ],
  "tangential_distortion": [
    0.002494150074198842,
    0.03005794994533062
  ],
  "image_size": [
    480,
    856
  ]
}