{
  "orientation": [
    [
      0.7218370214429286,
      0.11132315357274744,
      0.6830508545877236
    ],
    [
      -0.09795055790137196,
      0.9934760797293671,
      -0.05840348630328898
    ],
    [
      -0.6850963455465304,
      -0.024747413686827417,
      0.7280319792664345
    ]
  ],
  "position": [
    3.190337813898579,
    0.059784504858031884,
    0.17843055129051208
  ],
  "focal_length": 716.3578491210938,
  "principal_point": [
    310.08148193359375,
    453.3079833984375
  ],
  "skew": 0.0,
  "pixel_aspect_ratio": 1.0,
  "radial_distortion": [
    0.09550585597753525,
    -0.23209302127361298,
    0.0
  ],
  "tangential_distortion": [
    0.002494150074198842,
    0.03005794994533062
  ],
  "image_size": [
    480,
    856
  ]
}