{
  "orientation": [
    [
      0.9670564773218702,
      0.1569515228514158,
      -0.20041953284157835
    ],
    [
      -0.09351212023088622,
      0.9512937445642666,
      0.2937612890134094
    ],
    [
      0.23676412954613565,
      -0.26534210187513985,
      0.9346316471919532
    ]
  ],
  "position": [
    -2.8984260464139124,
    1.3338101713128094,
    0.17843055129051208
  ],
  "focal_length": 716.3578491210938,
  "principal_point": [
    310.08148193359375,
    453.3079833984375
  ],
  "skew": 0.0,
  "pixel_aspect_ratio": 1.0,
  "radial_distortion": [
    0.09550585597753525,
    -0.23209302127361298,
    0.0
  ],
  "tangential_distortion": [
    0.002494150074198842,
    0.03005794994533062
  ],
  "image_size": [
    480,
    856
  ]
}