{
  "orientation": [
    [
      0.9667348639752253,
      0.15691083504242379,
      -0.2019967638876716
    ],
    [
      -0.2250199171142162,
      0.8972127899091504,
      -0.3799674282426717
    ],
    [
      0.12161307362579792,
      0.4127810551245392,
      0.9026749475052237
    ]
  ],
  "position": [
    -2.293814622178544,
    -2.4447439936688955,
    0.17843055129051208
  ],
  "focal_length": 716.3578491210938,
  "principal_point": [
    310.08148193359375,
    453.3079833984375
  ],
  "skew": 0.0,
  "pixel_aspect_ratio": 1.0,
  "radial_distortion": [
    0.09550585597753525,
    -0.23209302127361298,
    0.0
  ],
  "tangential_distortion": [
    0.002494150074198842,
    0.03005794994533062
  ],
  "image_size": [
    480,
    856
  ]
}