{
  "orientation": [
    [
      0.9389372468684634,
      0.1531826074420641,
      -0.30811026471106245
    ],
    [
      -0.19820202352406074,
      0.9727399263870228,
      -0.1203868492964967
    ],
    [
      0.28126998473715276,
      0.17410377477188776,
      0.9437028511645716
    ]
  ],
  "position": [
    -3.126437462383538,
    -1.0540334074226738,
    0.17843055129051208
  ],
  "focal_length": 716.3578491210938,
  "principal_point": [
    310.08148193359375,
    453.3079833984375
  ],
  "skew": 0.0,
  "pixel_aspect_ratio": 1.0,
  "radial_distortion": [
    0.09550585597753525,
    -0.23209302127361298,
    0.0
  ],
  "tangential_distortion": [
    0.002494150074198842,
    0.03005794994533062
  ],
  "image_size": [
    480,
    856
  ]
}