{
  "orientation": [
    [
      0.9794366017686786,
      0.1584143376200341,
      -0.12493534628850554
    ],
    [
      -0.19843395957663623,
      0.8682470667800832,
      -0.4547207876428345
    ],
    [
      0.03644045557564909,
      0.4701615984575811,
      0.8818277408503611
    ]
  ],
  "position": [
    -1.817656076627955,
    -2.8315821159374632,
    0.17843055129051208
  ],
  "focal_length": 716.3578491210938,
  "principal_point": [
    310.08148193359375,
    453.3079833984375
  ],
  "skew": 0.0,
  "pixel_aspect_ratio": 1.0,
  "radial_distortion": [
    0.09550585597753525,
    -0.23209302127361298,
    0.0
  ],
  "tangential_distortion": [
    0.002494150074198842,
    0.03005794994533062
  ],
  "image_size": [
    480,
    856
  ]
}