{
  "orientation": [
    [
      0.8665561261512502,
      0.13602114651967942,
      0.4801861388349426
    ],
    [
      -0.34073652439314106,
      0.8642536577847133,
      0.3700867951578742
    ],
    [
      -0.3646629967164494,
      -0.4843179355601192,
      0.795271674411055
    ]
  ],
  "position": [
    0.730633393065624,
    2.9911460851055667,
    0.17843055129051208
  ],
  "focal_length": 716.3578491210938,
  "principal_point": [
    310.08148193359375,
    453.3079833984375
  ],
  "skew": 0.0,
  "pixel_aspect_ratio": 1.0,
  "radial_distortion": [
    0.09550585597753525,
    -0.23209302127361298,
    0.0
  ],
  "tangential_distortion": [
    0.002494150074198842,
    0.03005794994533062
  ],
  "image_size": [
    480,
    856
  ]
}