{
  "orientation": [
    [
      0.827137969548786,
      0.12921345691932415,
      0.5469430152051212
    ],
    [
      -0.3429365618804454,
      0.8870623042263371,
      0.30905498369429457
    ],
    [
      -0.4452384685270702,
      -0.4431978688708004,
      0.7780349318456401
    ]
  ],
  "position": [
    1.3103824946657914,
    2.790492970166071,
    0.17843055129051208
  ],
  "focal_length": 716.3578491210938,
  "principal_point": [
    310.08148193359375,
    453.3079833984375
  ],
  "skew": 0.0,
  "pixel_aspect_ratio": 1.0,
  "radial_distortion": [
    0.09550585597753525,
    -0.23209302127361298,
    0.0
  ],
  "tangential_distortion": [
    0.002494150074198842,
    0.03005794994533062
  ],
  "image_size": [
    480,
    856
  ]
}