{
  "orientation": [
    [
      0.9305689849145694,
      0.14733279457436596,
      0.33516326164717924
    ],
    [
      0.04820673636140671,
      0.8581766624804487,
      -0.5110860265584454
    ],
    [
      -0.36292902182720205,
      0.49175793193076794,
      0.7914901524963684
    ]
  ],
  "position": [
    0.7306333930656246,
    -3.2809143040997073,
    0.17843055129051208
  ],
  "focal_length": 716.3578491210938,
  "principal_point": [
    310.08148193359375,
    453.3079833984375
  ],
  "skew": 0.0,
  "pixel_aspect_ratio": 1.0,
  "radial_distortion": [
    0.09550585597753525,
    -0.23209302127361298,
    0.0
  ],
  "tangential_distortion": [
    0.002494150074198842,
    0.03005794994533062
  ],
  "image_size": [
    480,
    856
  ]
}