{
  "orientation": [
    [
      0.9375902756312526,
      0.15299512427854825,
      -0.31227706766380264
    ],
    [
      -0.17660843972364357,
      0.9830801057886254,
      -0.04861033450826434
    ],
    [
      0.29955622854497915,
      0.10072734261170982,
      0.9487465775381176
    ]
  ],
  "position": [
    -3.216618765330049,
    -0.6547536816576163,
    0.17843055129051208
  ],
  "focal_length": 716.3578491210938,
  "principal_point": [
    310.08148193359375,
    453.3079833984375
  ],
  "skew": 0.0,
  "pixel_aspect_ratio": 1.0,
  "radial_distortion": [
    0.09550585597753525,
    -0.23209302127361298,
    0.0
  ],
  "tangential_distortion": [
    0.002494150074198842,
    0.03005794994533062
  ],
  "image_size": [
    480,
    856
  ]
}