{
  "orientation": [
    [
      0.9191555704755939,
      0.14528021198968993,
      0.36612388240582766
    ],
    [
      -0.3077963390301486,
      0.8449238079501672,
      0.43745305169655296
    ],
    [
      -0.24579351281781905,
      -0.514778999924453,
      0.8213331420887975
    ]
  ],
  "position": [
    -0.08135867183502546,
    3.081703798482338,
    0.17843055129051208
  ],
  "focal_length": 716.3578491210938,
  "principal_point": [
    310.08148193359375,
    453.3079833984375
  ],
  "skew": 0.0,
  "pixel_aspect_ratio": 1.0,
  "radial_distortion": [
    0.09550585597753525,
    -0.23209302127361298,
    0.0
  ],
  "tangential_distortion": [
    0.002494150074198842,
    0.03005794994533062
  ],
  "image_size": [
    480,
    856
  ]
}