{
  "orientation": [
    [
      0.7351713381142191,
      0.11357121824897008,
      0.6682998443818413
    ],
    [
      -0.23265003880030974,
      0.9682577427381567,
      0.09138327567899968
    ],
    [
      -0.6367079888469777,
      -0.22266234978786711,
      0.7382576887004852
    ]
  ],
  "position": [
    2.789747481481581,
    1.4240698879930047,
    0.17843055129051208
  ],
  "focal_length": 716.3578491210938,
  "principal_point": [
    310.08148193359375,
    453.3079833984375
  ],
  "skew": 0.0,
  "pixel_aspect_ratio": 1.0,
  "radial_distortion": [
    0.09550585597753525,
    -0.23209302127361298,
    0.0
  ],
  "tangential_distortion": [
    0.002494150074198842,
    0.03005794994533062
  ],
  "image_size": [
    480,
    856
  ]
}