{
  "orientation": [
    [
      0.9390723583915149,
      0.15320138939766226,
      -0.30768886881332563
    ],
    [
      -0.15340319250104703,
      0.987879771829311,
      0.02368579618579486
    ],
    [
      0.3075883064023806,
      0.02495777828842488,
      0.9511921693682203
    ]
  ],
  "position": [
    -3.2555287426683406,
    -0.2472699636127307,
    0.17843055129051208
  ],
  "focal_length": 716.3578491210938,
  "principal_point": [
    310.08148193359375,
    453.3079833984375
  ],
  "skew": 0.0,
  "pixel_aspect_ratio": 1.0,
  "radial_distortion": [
    0.09550585597753525,
    -0.23209302127361298,
    0.0
  ],
  "tangential_distortion": [
    0.002494150074198842,
    0.03005794994533062
  ],
  "image_size": [
    480,
    856
  ]
}