{
  "orientation": [
    [
      0.971257385857238,
      0.1574737378928028,
      -0.1784968131139407
    ],
    [
      -0.21856992221980814,
      0.8869909531844379,
      -0.4067852480975547
    ],
    [
      0.09426706486674569,
      0.4341072112313166,
      0.8959155371118294
    ]
  ],
  "position": [
    -2.143391023144177,
    -2.5836835249244765,
    0.17843055129051208
  ],
  "focal_length": 716.3578491210938,
  "principal_point": [
    310.08148193359375,
    453.3079833984375
  ],
  "skew": 0.0,
  "pixel_aspect_ratio": 1.0,
  "radial_distortion": [
    0.09550585597753525,
    -0.23209302127361298,
    0.0
  ],
  "tangential_distortion": [
    0.002494150074198842,
    0.03005794994533062
  ],
  "image_size": [
    480,
    856
  ]
}