{
  "orientation": [
    [
      0.7812264527952895,
      0.12137088369323898,
      0.6123351517301711
    ],
    [
      -0.3174695904326225,
      0.9218401406800883,
      0.22231467378798458
    ],
    [
      -0.5374925939986822,
      -0.3680758938350043,
      0.7586974678843541
    ]
  ],
  "position": [
    2.004630434482974,
    2.3597359493605516,
    0.17843055129051208
  ],
  "focal_length": 716.3578491210938,
  "principal_point": [
    310.08148193359375,
    453.3079833984375
  ],
  "skew": 0.0,
  "pixel_aspect_ratio": 1.0,
  "radial_distortion": [
    0.09550585597753525,
    -0.23209302127361298,
    0.0
  ],
  "tangential_distortion": [
    0.002494150074198842,
    0.03005794994533062
  ],
  "image_size": [
    480,
    856
  ]
}