{
  "orientation": [
    [
      0.9843778685238219,
      0.1577874320388072,
      0.07812386479876805
    ],
    [
      -0.09126660545434308,
      0.8367259055173456,
      -0.53996311518938
    ],
    [
      -0.15056765485767082,
      0.5243976404664471,
      0.8380551867173691
    ]
  ],
  "position": [
    -0.6910692091134817,
    -3.3034738257892045,
    0.17843055129051208
  ],
  "focal_length": 716.3578491210938,
  "principal_point": [
    310.08148193359375,
    453.3079833984375
  ],
  "skew": 0.0,
  "pixel_aspect_ratio": 1.0,
  "radial_distortion": [
    0.09550585597753525,
    -0.23209302127361298,
    0.0
  ],
  "tangential_distortion": [
    0.002494150074198842,
    0.03005794994533062
  ],
  "image_size": [
    480,
    856
  ]
}