{
  "orientation": [
    [
      0.7305407494268242,
      0.11279006371855581,
      0.6734898773947967
    ],
    [
      -0.2147865293731535,
      0.9741609281920346,
      0.06983718768585383
    ],
    [
      -0.6482105832418424,
      -0.19567546476346445,
      0.735890040877625
    ]
  ],
  "position": [
    2.8835793090925983,
    1.242061534835385,
    0.17843055129051208
  ],
  "focal_length": 716.3578491210938,
  "principal_point": [
    310.08148193359375,
    453.3079833984375
  ],
  "skew": 0.0,
  "pixel_aspect_ratio": 1.0,
  "radial_distortion": [
    0.09550585597753525,
    -0.23209302127361298,
    0.0
  ],
  "tangential_distortion": [
    0.002494150074198842,
    0.03005794994533062
  ],
  "image_size": [
    480,
    856
  ]
}