{
  "orientation": [
    [
      0.7531693186940462,
      0.1166124122449322,
      0.6474083121866481
    ],
    [
      0.02907412563049501,
      0.9772997636493181,
      -0.20985677780288486
    ],
    [
      -0.6571838955701582,
      0.17688051696386792,
      0.7326817932239249
    ]
  ],
  "position": [
    2.965678539709909,
    -1.3442366600760005,
    0.17843055129051208
  ],
  "focal_length": 716.3578491210938,
  "principal_point": [
    310.08148193359375,
    453.3079833984375
  ],
  "skew": 0.0,
  "pixel_aspect_ratio": 1.0,
  "radial_distortion": [
    0.09550585597753525,
    -0.23209302127361298,
    0.0
  ],
  "tangential_distortion": [
    0.002494150074198842,
    0.03005794994533062
  ],
  "image_size": [
    480,
    856
  ]
}