{
  "orientation": [
    [
      0.96940609370052,
      0.15459131732584763,
      0.19066554514058814
    ],
    [
      -0.2292734197677819,
      0.847682518727494,
      0.4784015535424171
    ],
    [
      -0.08766712316647018,
      -0.5074799228060858,
      0.8571922791675414
    ]
  ],
  "position": [
    -1.0856056872124704,
    2.904627954375346,
    0.17843055129051208
  ],
  "focal_length": 716.3578491210938,
  "principal_point": [
    310.08148193359375,
    453.3079833984375
  ],
  "skew": 0.0,
  "pixel_aspect_ratio": 1.0,
  "radial_distortion": [
    0.09550585597753525,
    -0.23209302127361298,
    0.0
  ],
  "tangential_distortion": [
    0.002494150074198842,
    0.03005794994533062
  ],
  "image_size": [
    480,
    856
  ]
}