{
  "orientation": [
    [
      0.7714761423040621,
      0.11971464191963865,
      0.6248943641654124
    ],
    [
      -0.30668338636296993,
      0.9304834839729115,
      0.20036413497074304
    ],
    [
      -0.5574673644121096,
      -0.3462208696247029,
      0.7545603004742105
    ]
  ],
  "position": [
    2.159386565818588,
    2.2256389982169598,
    0.17843055129051208
  ],
  "focal_length": 716.3578491210938,
  "principal_point": [
    310.08148193359375,
    453.3079833984375
  ],
  "skew": 0.0,
  "pixel_aspect_ratio": 1.0,
  "radial_distortion": [
    0.09550585597753525,
    -0.23209302127361298,
    0.0
  ],
  "tangential_distortion": [
    0.002494150074198842,
    0.03005794994533062
  ],
  "image_size": [
    480,
    856
  ]
}