{
  "orientation": [
    [
      0.9433279633522034,
      -0.21784983575344086,
      0.2503473162651062
    ],
    [
      0.16637276113033295,
      0.9631713032722473,
      0.21123705804347992
    ],
    [
      -0.28714531660079956,
      -0.15761485695838928,
      0.9448307156562805
    ]
  ],
  "position": [
    1.0554962158203125,
    0.959995448589325,
    -0.37981751561164856
  ],
  "focal_length": 716.3578491210938,
  "principal_point": [
    310.08148193359375,
    453.3079833984375
  ],
  "skew": 0.0,
  "pixel_aspect_ratio": 1.0,
  "radial_distortion": [
    0.09550585597753525,
    -0.23209302127361298,
    0.0
  ],
  "tangential_distortion": [
    0.002494150074198842,
    0.03005794994533062
  ],
  "image_size": [
    480,
    856
  ]
}