{
  "orientation": [
    [
      0.9884449243545532,
      0.14410929381847382,
      -0.04700130969285965
    ],
    [
      -0.13878314197063446,
      0.9850858449935913,
      0.10171068459749222
    ],
    [
      0.060957781970500946,
      -0.09401242434978485,
      0.9937030673027039
    ]
  ],
  "position": [
    -2.0389819145202637,
    0.7554734945297241,
    -0.612084150314331
  ],
  "focal_length": 716.3578491210938,
  "principal_point": [
    310.08148193359375,
    453.3079833984375
  ],
  "skew": 0.0,
  "pixel_aspect_ratio": 1.0,
  "radial_distortion": [
    0.09550585597753525,
    -0.23209302127361298,
    0.0
  ],
  "tangential_distortion": [
    0.002494150074198842,
    0.03005794994533062
  ],
  "image_size": [
    480,
    856
  ]
}