{
  "orientation": [
    [
      0.7957262396812439,
      -0.3905479311943054,
      0.4629169702529907
    ],
    [
      0.2824012041091919,
      0.9154009819030762,
      0.2868633568286896
    ],
    [
      -0.5357885360717773,
      -0.09753639996051788,
      0.8386997580528259
    ]
  ],
  "position": [
    1.6045199632644653,
    0.8215689659118652,
    -0.2963338792324066
  ],
  "focal_length": 716.3578491210938,
  "principal_point": [
    310.08148193359375,
    453.3079833984375
  ],
  "skew": 0.0,
  "pixel_aspect_ratio": 1.0,
  "radial_distortion": [
    0.09550585597753525,
    -0.23209302127361298,
    0.0
  ],
  "tangential_distortion": [
    0.002494150074198842,
    0.03005794994533062
  ],
  "image_size": [
    480,
    856
  ]
}