{
  "orientation": [
    [
      0.6148511171340942,
      -0.5774139165878296,
      0.5371696949005127
    ],
    [
      0.39680206775665283,
      0.8151360154151917,
      0.42202064394950867
    ],
    [
      -0.6815469264984131,
      -0.046329814940690994,
      0.7303063273429871
    ]
  ],
  "position": [
    3.619180679321289,
    -0.4516308903694153,
    0.8870905041694641
  ],
  "focal_length": 716.3578491210938,
  "principal_point": [
    310.08148193359375,
    453.3079833984375
  ],
  "skew": 0.0,
  "pixel_aspect_ratio": 1.0,
  "radial_distortion": [
    0.09550585597753525,
    -0.23209302127361298,
    0.0
  ],
  "tangential_distortion": [
    0.002494150074198842,
    0.03005794994533062
  ],
  "image_size": [
    480,
    856
  ]
}