{
  "orientation": [
    [
      0.6184393763542175,
      -0.5512364506721497,
      0.5600635409355164
    ],
    [
      0.38357099890708923,
      0.8337821960449219,
      0.3970901370048523
    ],
    [
      -0.6858615279197693,
      -0.030752062797546387,
      0.7270820140838623
    ]
  ],
  "position": [
    2.773691415786743,
    0.09047398716211319,
    0.22771622240543365
  ],
  "focal_length": 716.3578491210938,
  "principal_point": [
    310.08148193359375,
    453.3079833984375
  ],
  "skew": 0.0,
  "pixel_aspect_ratio": 1.0,
  "radial_distortion": [
    0.09550585597753525,
    -0.23209302127361298,
    0.0
  ],
  "tangential_distortion": [
    0.002494150074198842,
    0.03005794994533062
  ],
  "image_size": [
    480,
    856
  ]
}