{
  "orientation": [
    [
      0.7494109869003296,
      -0.4085473418235779,
      0.5210300087928772
    ],
    [
      0.2646711468696594,
      0.9061695337295532,
      0.32985755801200867
    ],
    [
      -0.6069039702415466,
      -0.1092972680926323,
      0.7872240543365479
    ]
  ],
  "position": [
    1.9377437829971313,
    1.1018271446228027,
    0.31280267238616943
  ],
  "focal_length": 716.3578491210938,
  "principal_point": [
    310.08148193359375,
    453.3079833984375
  ],
  "skew": 0.0,
  "pixel_aspect_ratio": 1.0,
  "radial_distortion": [
    0.09550585597753525,
    -0.23209302127361298,
    0.0
  ],
  "tangential_distortion": [
    0.002494150074198842,
    0.03005794994533062
  ],
  "image_size": [
    480,
    856
  ]
}