{
  "orientation": [
    [
      0.9979824423789978,
      -0.027266740798950195,
      0.05733778700232506
    ],
    [
      0.019884129986166954,
      0.9918822050094604,
      0.12559577822685242
    ],
    [
      -0.0602969191968441,
      -0.12420225888490677,
      0.9904232025146484
    ]
  ],
  "position": [
    -1.164595127105713,
    0.7969580888748169,
    -0.9509876370429993
  ],
  "focal_length": 716.3578491210938,
  "principal_point": [
    310.08148193359375,
    453.3079833984375
  ],
  "skew": 0.0,
  "pixel_aspect_ratio": 1.0,
  "radial_distortion": [
    0.09550585597753525,
    -0.23209302127361298,
    0.0
  ],
  "tangential_distortion": [
    0.002494150074198842,
    0.03005794994533062
  ],
  "image_size": [
    480,
    856
  ]
}