{
  "orientation": [
    [
      0.7491884827613831,
      0.5167688727378845,
      -0.41432663798332214
    ],
    [
      -0.49202004075050354,
      0.8529772162437439,
      0.17420153319835663
    ],
    [
      0.44343310594558716,
      0.07334724068641663,
      0.8933013081550598
    ]
  ],
  "position": [
    -4.361749649047852,
    -0.2581974267959595,
    -0.6609041094779968
  ],
  "focal_length": 716.3578491210938,
  "principal_point": [
    310.08148193359375,
    453.3079833984375
  ],
  "skew": 0.0,
  "pixel_aspect_ratio": 1.0,
  "radial_distortion": [
    0.09550585597753525,
    -0.23209302127361298,
    0.0
  ],
  "tangential_distortion": [
    0.002494150074198842,
    0.03005794994533062
  ],
  "image_size": [
    480,
    856
  ]
}