{
  "orientation": [
    [
      0.1255207359790802,
      -0.7670920491218567,
      0.6291377544403076
    ],
    [
      0.5026012063026428,
      0.5959201455116272,
      0.6263155341148376
    ],
    [
      -0.8553575873374939,
      0.23758980631828308,
      0.46034175157546997
    ]
  ],
  "position": [
    3.917907953262329,
    -2.411672353744507,
    2.7835710048675537
  ],
  "focal_length": 716.3578491210938,
  "principal_point": [
    310.08148193359375,
    453.3079833984375
  ],
  "skew": 0.0,
  "pixel_aspect_ratio": 1.0,
  "radial_distortion": [
    0.09550585597753525,
    -0.23209302127361298,
    0.0
  ],
  "tangential_distortion": [
    0.002494150074198842,
    0.03005794994533062
  ],
  "image_size": [
    480,
    856
  ]
}