{
  "orientation": [
    [
      0.9536412954330444,
      0.2652447819709778,
      -0.14217431843280792
    ],
    [
      -0.25138965249061584,
      0.9618199467658997,
      0.10819236934185028
    ],
    [
      0.165443554520607,
      -0.06743555516004562,
      0.9839110374450684
    ]
  ],
  "position": [
    -2.5598065853118896,
    0.6827524304389954,
    -0.3158189058303833
  ],
  "focal_length": 716.3578491210938,
  "principal_point": [
    310.08148193359375,
    453.3079833984375
  ],
  "skew": 0.0,
  "pixel_aspect_ratio": 1.0,
  "radial_distortion": [
    0.09550585597753525,
    -0.23209302127361298,
    0.0
  ],
  "tangential_distortion": [
    0.002494150074198842,
    0.03005794994533062
  ],
  "image_size": [
    480,
    856
  ]
}