{
  "orientation": [
    [
      0.9983692765235901,
      0.05523436516523361,
      0.01442084088921547
    ],
    [
      -0.055784545838832855,
      0.9975990056991577,
      0.04103981330990791
    ],
    [
      -0.012119408696889877,
      -0.0417773500084877,
      0.999053418636322
    ]
  ],
  "position": [
    -1.254941701889038,
    0.7950826287269592,
    -1.2918862104415894
  ],
  "focal_length": 716.3578491210938,
  "principal_point": [
    310.08148193359375,
    453.3079833984375
  ],
  "skew": 0.0,
  "pixel_aspect_ratio": 1.0,
  "radial_distortion": [
    0.09550585597753525,
    -0.23209302127361298,
    0.0
  ],
  "tangential_distortion": [
    0.002494150074198842,
    0.03005794994533062
  ],
  "image_size": [
    480,
    856
  ]
}