{
  "orientation": [
    [
      0.9962456822395325,
      0.08473442494869232,
      0.01773689314723015
    ],
    [
      -0.08539465069770813,
      0.9955220818519592,
      0.04054020717740059
    ],
    [
      -0.01422231737524271,
      -0.04190264269709587,
      0.9990204572677612
    ]
  ],
  "position": [
    -1.2548898458480835,
    0.7928436398506165,
    -1.2880200147628784
  ],
  "focal_length": 716.3578491210938,
  "principal_point": [
    310.08148193359375,
    453.3079833984375
  ],
  "skew": 0.0,
  "pixel_aspect_ratio": 1.0,
  "radial_distortion": [
    0.09550585597753525,
    -0.23209302127361298,
    0.0
  ],
  "tangential_distortion": [
    0.002494150074198842,
    0.03005794994533062
  ],
  "image_size": [
    480,
    856
  ]
}