{
  "orientation": [
    [
      0.6794047355651855,
      0.5739648342132568,
      -0.45713627338409424
    ],
    [
      -0.5074285268783569,
      0.8175328969955444,
      0.272316575050354
    ],
    [
      0.5300240516662598,
      0.046950813382864,
      0.8466818332672119
    ]
  ],
  "position": [
    -4.777468681335449,
    -0.6810574531555176,
    -0.3861764073371887
  ],
  "focal_length": 716.3578491210938,
  "principal_point": [
    310.08148193359375,
    453.3079833984375
  ],
  "skew": 0.0,
  "pixel_aspect_ratio": 1.0,
  "radial_distortion": [
    0.09550585597753525,
    -0.23209302127361298,
    0.0
  ],
  "tangential_distortion": [
    0.002494150074198842,
    0.03005794994533062
  ],
  "image_size": [
    480,
    856
  ]
}