{
  "orientation": [
    [
      -0.049869354814291,
      -0.7722185254096985,
      0.6333968639373779
    ],
    [
      0.4738730490207672,
      0.5399637818336487,
      0.6956173181533813
    ],
    [
      -0.8791799545288086,
      0.33483967185020447,
      0.3390059173107147
    ]
  ],
  "position": [
    3.7706735134124756,
    -2.851346969604492,
    3.469276189804077
  ],
  "focal_length": 716.3578491210938,
  "principal_point": [
    310.08148193359375,
    453.3079833984375
  ],
  "skew": 0.0,
  "pixel_aspect_ratio": 1.0,
  "radial_distortion": [
    0.09550585597753525,
    -0.23209302127361298,
    0.0
  ],
  "tangential_distortion": [
    0.002494150074198842,
    0.03005794994533062
  ],
  "image_size": [
    480,
    856
  ]
}