{
  "orientation": [
    [
      -0.052510153502225876,
      -0.7642092704772949,
      0.6428272128105164
    ],
    [
      0.4688064455986023,
      0.5495082139968872,
      0.6915643215179443
    ],
    [
      -0.8817387223243713,
      0.33767569065093994,
      0.32941147685050964
    ]
  ],
  "position": [
    3.8332879543304443,
    -2.863612651824951,
    3.7460362911224365
  ],
  "focal_length": 716.3578491210938,
  "principal_point": [
    310.08148193359375,
    453.3079833984375
  ],
  "skew": 0.0,
  "pixel_aspect_ratio": 1.0,
  "radial_distortion": [
    0.09550585597753525,
    -0.23209302127361298,
    0.0
  ],
  "tangential_distortion": [
    0.002494150074198842,
    0.03005794994533062
  ],
  "image_size": [
    480,
    856
  ]
}