{
  "orientation": [
    [
      0.9880695343017578,
      0.024720266461372375,
      0.152011439204216
    ],
    [
      -0.05475204065442085,
      0.9789355993270874,
      0.19669097661972046
    ],
    [
      -0.14394715428352356,
      -0.20266729593276978,
      0.9686099290847778
    ]
  ],
  "position": [
    -1.1036850214004517,
    0.9763630032539368,
    -1.5486278533935547
  ],
  "focal_length": 716.3578491210938,
  "principal_point": [
    310.08148193359375,
    453.3079833984375
  ],
  "skew": 0.0,
  "pixel_aspect_ratio": 1.0,
  "radial_distortion": [
    0.09550585597753525,
    -0.23209302127361298,
    0.0
  ],
  "tangential_distortion": [
    0.002494150074198842,
    0.03005794994533062
  ],
  "image_size": [
    480,
    856
  ]
}