{
  "orientation": [
    [
      0.9894392490386963,
      -0.07312490046024323,
      0.12515096366405487
    ],
    [
      0.052486270666122437,
      0.9855726361274719,
      0.160909041762352
    ],
    [
      -0.13511182367801666,
      -0.15264101326465607,
      0.9790022969245911
    ]
  ],
  "position": [
    -0.08994617313146591,
    0.9067713618278503,
    -0.7537996172904968
  ],
  "focal_length": 716.3578491210938,
  "principal_point": [
    310.08148193359375,
    453.3079833984375
  ],
  "skew": 0.0,
  "pixel_aspect_ratio": 1.0,
  "radial_distortion": [
    0.09550585597753525,
    -0.23209302127361298,
    0.0
  ],
  "tangential_distortion": [
    0.002494150074198842,
    0.03005794994533062
  ],
  "image_size": [
    480,
    856
  ]
}