{
  "orientation": [
    [
      0.6197131276130676,
      0.6030380129814148,
      -0.5022956132888794
    ],
    [
      -0.5557336211204529,
      0.7890922427177429,
      0.26171281933784485
    ],
    [
      0.5541803240776062,
      0.11695567518472672,
      0.8241392970085144
    ]
  ],
  "position": [
    -4.912998199462891,
    -0.854769766330719,
    -0.1687832921743393
  ],
  "focal_length": 716.3578491210938,
  "principal_point": [
    310.08148193359375,
    453.3079833984375
  ],
  "skew": 0.0,
  "pixel_aspect_ratio": 1.0,
  "radial_distortion": [
    0.09550585597753525,
    -0.23209302127361298,
    0.0
  ],
  "tangential_distortion": [
    0.002494150074198842,
    0.03005794994533062
  ],
  "image_size": [
    480,
    856
  ]
}