{
  "orientation": [
    [
      0.9063194394111633,
      0.366276353597641,
      -0.21077649295330048
    ],
    [
      -0.3373171091079712,
      0.927472710609436,
      0.16128107905387878
    ],
    [
      0.2545628845691681,
      -0.07507366687059402,
      0.9641377925872803
    ]
  ],
  "position": [
    -2.9787182807922363,
    0.1660306453704834,
    -1.1982771158218384
  ],
  "focal_length": 716.3578491210938,
  "principal_point": [
    310.08148193359375,
    453.3079833984375
  ],
  "skew": 0.0,
  "pixel_aspect_ratio": 1.0,
  "radial_distortion": [
    0.09550585597753525,
    -0.23209302127361298,
    0.0
  ],
  "tangential_distortion": [
    0.002494150074198842,
    0.03005794994533062
  ],
  "image_size": [
    480,
    856
  ]
}