{
  "orientation": [
    [
      0.924981415271759,
      -0.17928999662399292,
      0.3350589871406555
    ],
    [
      0.09781573712825775,
      0.9643276333808899,
      0.2459762543439865
    ],
    [
      -0.36720770597457886,
      -0.19474941492080688,
      0.9095224738121033
    ]
  ],
  "position": [
    -0.20595496892929077,
    1.5532829761505127,
    -1.0673350095748901
  ],
  "focal_length": 716.3578491210938,
  "principal_point": [
    310.08148193359375,
    453.3079833984375
  ],
  "skew": 0.0,
  "pixel_aspect_ratio": 1.0,
  "radial_distortion": [
    0.09550585597753525,
    -0.23209302127361298,
    0.0
  ],
  "tangential_distortion": [
    0.002494150074198842,
    0.03005794994533062
  ],
  "image_size": [
    480,
    856
  ]
}