{
  "orientation": [
    [
      0.4365403354167938,
      -0.5955449938774109,
      0.6743580102920532
    ],
    [
      0.3585432171821594,
      0.8026155233383179,
      0.47671279311180115
    ],
    [
      -0.8251541256904602,
      0.03368210792541504,
      0.5639026761054993
    ]
  ],
  "position": [
    2.488731622695923,
    0.22137132287025452,
    0.9959579110145569
  ],
  "focal_length": 716.3578491210938,
  "principal_point": [
    310.08148193359375,
    453.3079833984375
  ],
  "skew": 0.0,
  "pixel_aspect_ratio": 1.0,
  "radial_distortion": [
    0.09550585597753525,
    -0.23209302127361298,
    0.0
  ],
  "tangential_distortion": [
    0.002494150074198842,
    0.03005794994533062
  ],
  "image_size": [
    480,
    856
  ]
}