{
  "orientation": [
    [
      -0.013780597597360611,
      -0.7564005255699158,
      0.653963565826416
    ],
    [
      0.459809809923172,
      0.5759775638580322,
      0.6758881211280823
    ],
    [
      -0.8879104852676392,
      0.3100129961967468,
      0.3398630917072296
    ]
  ],
  "position": [
    3.931760549545288,
    -2.807967185974121,
    3.753706932067871
  ],
  "focal_length": 716.3578491210938,
  "principal_point": [
    310.08148193359375,
    453.3079833984375
  ],
  "skew": 0.0,
  "pixel_aspect_ratio": 1.0,
  "radial_distortion": [
    0.09550585597753525,
    -0.23209302127361298,
    0.0
  ],
  "tangential_distortion": [
    0.002494150074198842,
    0.03005794994533062
  ],
  "image_size": [
    480,
    856
  ]
}