{
  "orientation": [
    [
      -0.03378495201468468,
      -0.780684232711792,
      0.624011754989624
    ],
    [
      0.48877066373825073,
      0.5317025780677795,
      0.6916614770889282
    ],
    [
      -0.8717579245567322,
      0.32836639881134033,
      0.36361199617385864
    ]
  ],
  "position": [
    3.744732618331909,
    -2.7658851146698,
    3.2556991577148438
  ],
  "focal_length": 716.3578491210938,
  "principal_point": [
    310.08148193359375,
    453.3079833984375
  ],
  "skew": 0.0,
  "pixel_aspect_ratio": 1.0,
  "radial_distortion": [
    0.09550585597753525,
    -0.23209302127361298,
    0.0
  ],
  "tangential_distortion": [
    0.002494150074198842,
    0.03005794994533062
  ],
  "image_size": [
    480,
    856
  ]
}