{
  "orientation": [
    [
      0.6382898688316345,
      0.5971066951751709,
      -0.48584941029548645
    ],
    [
      -0.5379329919815063,
      0.7974424362182617,
      0.2733379602432251
    ],
    [
      0.5506488680839539,
      0.08688557147979736,
      0.8302028179168701
    ]
  ],
  "position": [
    -4.968135833740234,
    -0.8511883616447449,
    -0.30159345269203186
  ],
  "focal_length": 716.3578491210938,
  "principal_point": [
    310.08148193359375,
    453.3079833984375
  ],
  "skew": 0.0,
  "pixel_aspect_ratio": 1.0,
  "radial_distortion": [
    0.09550585597753525,
    -0.23209302127361298,
    0.0
  ],
  "tangential_distortion": [
    0.002494150074198842,
    0.03005794994533062
  ],
  "image_size": [
    480,
    856
  ]
}