{
  "orientation": [
    [
      0.9491975903511047,
      0.2894921898841858,
      -0.12336191534996033
    ],
    [
      -0.2705993950366974,
      0.9509981274604797,
      0.1495944857597351
    ],
    [
      0.16062338650226593,
      -0.10861307382583618,
      0.9810215830802917
    ]
  ],
  "position": [
    -2.368365526199341,
    0.3991616368293762,
    -1.291700839996338
  ],
  "focal_length": 716.3578491210938,
  "principal_point": [
    310.08148193359375,
    453.3079833984375
  ],
  "skew": 0.0,
  "pixel_aspect_ratio": 1.0,
  "radial_distortion": [
    0.09550585597753525,
    -0.23209302127361298,
    0.0
  ],
  "tangential_distortion": [
    0.002494150074198842,
    0.03005794994533062
  ],
  "image_size": [
    480,
    856
  ]
}