{
  "orientation": [
    [
      -0.035481907427310944,
      -0.7593414187431335,
      0.6497242450714111
    ],
    [
      0.463355153799057,
      0.5635315179824829,
      0.6839109659194946
    ],
    [
      -0.8854620456695557,
      0.3253195583820343,
      0.331849604845047
    ]
  ],
  "position": [
    3.8670341968536377,
    -2.8979475498199463,
    3.827941417694092
  ],
  "focal_length": 716.3578491210938,
  "principal_point": [
    310.08148193359375,
    453.3079833984375
  ],
  "skew": 0.0,
  "pixel_aspect_ratio": 1.0,
  "radial_distortion": [
    0.09550585597753525,
    -0.23209302127361298,
    0.0
  ],
  "tangential_distortion": [
    0.002494150074198842,
    0.03005794994533062
  ],
  "image_size": [
    480,
    856
  ]
}