{
  "orientation": [
    [
      -0.046562690287828445,
      -0.7594224214553833,
      0.6489295363426208
    ],
    [
      0.46632739901542664,
      0.5579752326011658,
      0.6864418387413025
    ],
    [
      -0.8833858966827393,
      0.33457618951797485,
      0.3281586468219757
    ]
  ],
  "position": [
    3.82265043258667,
    -2.852719306945801,
    3.8403611183166504
  ],
  "focal_length": 716.3578491210938,
  "principal_point": [
    310.08148193359375,
    453.3079833984375
  ],
  "skew": 0.0,
  "pixel_aspect_ratio": 1.0,
  "radial_distortion": [
    0.09550585597753525,
    -0.23209302127361298,
    0.0
  ],
  "tangential_distortion": [
    0.002494150074198842,
    0.03005794994533062
  ],
  "image_size": [
    480,
    856
  ]
}