{
  "orientation": [
    [
      0.253536194562912,
      -0.6924149990081787,
      0.6754856705665588
    ],
    [
      0.4099263846874237,
      0.7094071507453918,
      0.5733252167701721
    ],
    [
      -0.8761733770370483,
      0.1315406858921051,
      0.4636995792388916
    ]
  ],
  "position": [
    3.9139199256896973,
    -1.2621415853500366,
    2.2977030277252197
  ],
  "focal_length": 716.3578491210938,
  "principal_point": [
    310.08148193359375,
    453.3079833984375
  ],
  "skew": 0.0,
  "pixel_aspect_ratio": 1.0,
  "radial_distortion": [
    0.09550585597753525,
    -0.23209302127361298,
    0.0
  ],
  "tangential_distortion": [
    0.002494150074198842,
    0.03005794994533062
  ],
  "image_size": [
    480,
    856
  ]
}