{
  "orientation": [
    [
      0.9901089668273926,
      0.1151367649435997,
      0.0801735445857048
    ],
    [
      -0.1276039183139801,
      0.97654128074646,
      0.17344847321510315
    ],
    [
      -0.0583224818110466,
      -0.18196335434913635,
      0.9815741777420044
    ]
  ],
  "position": [
    -1.360836148262024,
    0.850121021270752,
    -1.5452653169631958
  ],
  "focal_length": 716.3578491210938,
  "principal_point": [
    310.08148193359375,
    453.3079833984375
  ],
  "skew": 0.0,
  "pixel_aspect_ratio": 1.0,
  "radial_distortion": [
    0.09550585597753525,
    -0.23209302127361298,
    0.0
  ],
  "tangential_distortion": [
    0.002494150074198842,
    0.03005794994533062
  ],
  "image_size": [
    480,
    856
  ]
}