{
  "orientation": [
    [
      0.6560362577438354,
      0.578461229801178,
      -0.4847669303417206
    ],
    [
      -0.5362845063209534,
      0.8092314004898071,
      0.23988212645053864
    ],
    [
      0.5310511589050293,
      0.10260161012411118,
      0.8411049842834473
    ]
  ],
  "position": [
    -4.597348213195801,
    -0.6306585073471069,
    -0.3975457549095154
  ],
  "focal_length": 716.3578491210938,
  "principal_point": [
    310.08148193359375,
    453.3079833984375
  ],
  "skew": 0.0,
  "pixel_aspect_ratio": 1.0,
  "radial_distortion": [
    0.09550585597753525,
    -0.23209302127361298,
    0.0
  ],
  "tangential_distortion": [
    0.002494150074198842,
    0.03005794994533062
  ],
  "image_size": [
    480,
    856
  ]
}