{
  "orientation": [
    [
      0.6954819560050964,
      0.5536465048789978,
      -0.4580179452896118
    ],
    [
      -0.5175672173500061,
      0.8281505703926086,
      0.21515309810638428
    ],
    [
      0.4984265863895416,
      0.08741998672485352,
      0.86251300573349
    ]
  ],
  "position": [
    -4.465113639831543,
    -0.43534472584724426,
    -0.47317734360694885
  ],
  "focal_length": 716.3578491210938,
  "principal_point": [
    310.08148193359375,
    453.3079833984375
  ],
  "skew": 0.0,
  "pixel_aspect_ratio": 1.0,
  "radial_distortion": [
    0.09550585597753525,
    -0.23209302127361298,
    0.0
  ],
  "tangential_distortion": [
    0.002494150074198842,
    0.03005794994533062
  ],
  "image_size": [
    480,
    856
  ]
}