{
  "orientation": [
    [
      0.8547897338867188,
      0.434592604637146,
      -0.2836613655090332
    ],
    [
      -0.3939015865325928,
      0.8991706371307373,
      0.19061417877674103
    ],
    [
      0.33789947628974915,
      -0.05120038241147995,
      0.9397885203361511
    ]
  ],
  "position": [
    -3.50247859954834,
    -0.038520120084285736,
    -1.1421624422073364
  ],
  "focal_length": 716.3578491210938,
  "principal_point": [
    310.08148193359375,
    453.3079833984375
  ],
  "skew": 0.0,
  "pixel_aspect_ratio": 1.0,
  "radial_distortion": [
    0.09550585597753525,
    -0.23209302127361298,
    0.0
  ],
  "tangential_distortion": [
    0.002494150074198842,
    0.03005794994533062
  ],
  "image_size": [
    480,
    856
  ]
}