{
  "orientation": [
    [
      0.03635522723197937,
      -0.75059974193573,
      0.6597562432289124
    ],
    [
      0.45229455828666687,
      0.6010635495185852,
      0.6589022874832153
    ],
    [
      -0.891127347946167,
      0.2744496166706085,
      0.36134397983551025
    ]
  ],
  "position": [
    3.9675707817077637,
    -2.668618679046631,
    3.65906023979187
  ],
  "focal_length": 716.3578491210938,
  "principal_point": [
    310.08148193359375,
    453.3079833984375
  ],
  "skew": 0.0,
  "pixel_aspect_ratio": 1.0,
  "radial_distortion": [
    0.09550585597753525,
    -0.23209302127361298,
    0.0
  ],
  "tangential_distortion": [
    0.002494150074198842,
    0.03005794994533062
  ],
  "image_size": [
    480,
    856
  ]
}