{
  "orientation": [
    [
      0.14643548429012299,
      -0.733781635761261,
      0.66341632604599
    ],
    [
      0.4384967088699341,
      0.6493068337440491,
      0.6213865280151367
    ],
    [
      -0.8867227435112,
      0.19991283118724823,
      0.41684240102767944
    ]
  ],
  "position": [
    3.991779088973999,
    -2.236392021179199,
    3.2109477519989014
  ],
  "focal_length": 716.3578491210938,
  "principal_point": [
    310.08148193359375,
    453.3079833984375
  ],
  "skew": 0.0,
  "pixel_aspect_ratio": 1.0,
  "radial_distortion": [
    0.09550585597753525,
    -0.23209302127361298,
    0.0
  ],
  "tangential_distortion": [
    0.002494150074198842,
    0.03005794994533062
  ],
  "image_size": [
    480,
    856
  ]
}