{
  "orientation": [
    [
      0.9790365695953369,
      0.17905637621879578,
      -0.09708873927593231
    ],
    [
      -0.16983994841575623,
      0.9807711839675903,
      0.09613695740699768
    ],
    [
      0.11243576556444168,
      -0.07763204723596573,
      0.9906217455863953
    ]
  ],
  "position": [
    -2.241093158721924,
    0.6734626889228821,
    -0.47652119398117065
  ],
  "focal_length": 716.3578491210938,
  "principal_point": [
    310.08148193359375,
    453.3079833984375
  ],
  "skew": 0.0,
  "pixel_aspect_ratio": 1.0,
  "radial_distortion": [
    0.09550585597753525,
    -0.23209302127361298,
    0.0
  ],
  "tangential_distortion": [
    0.002494150074198842,
    0.03005794994533062
  ],
  "image_size": [
    480,
    856
  ]
}