{
  "orientation": [
    [
      0.5119940638542175,
      -0.5665075778961182,
      0.6457021236419678
    ],
    [
      0.3455248177051544,
      0.8240286707878113,
      0.4489869773387909
    ],
    [
      -0.786431610584259,
      -0.006772576831281185,
      0.6176402568817139
    ]
  ],
  "position": [
    2.2981460094451904,
    0.5165594220161438,
    0.7155347466468811
  ],
  "focal_length": 716.3578491210938,
  "principal_point": [
    310.08148193359375,
    453.3079833984375
  ],
  "skew": 0.0,
  "pixel_aspect_ratio": 1.0,
  "radial_distortion": [
    0.09550585597753525,
    -0.23209302127361298,
    0.0
  ],
  "tangential_distortion": [
    0.002494150074198842,
    0.03005794994533062
  ],
  "image_size": [
    480,
    856
  ]
}