{
  "orientation": [
    [
      0.677808940410614,
      -0.4651380181312561,
      0.569404661655426
    ],
    [
      0.2975381016731262,
      0.8817312717437744,
      0.3660889267921448
    ],
    [
      -0.6723437905311584,
      -0.07871875911951065,
      0.7360416054725647
    ]
  ],
  "position": [
    2.184920072555542,
    0.8781855702400208,
    0.45026302337646484
  ],
  "focal_length": 716.3578491210938,
  "principal_point": [
    310.08148193359375,
    453.3079833984375
  ],
  "skew": 0.0,
  "pixel_aspect_ratio": 1.0,
  "radial_distortion": [
    0.09550585597753525,
    -0.23209302127361298,
    0.0
  ],
  "tangential_distortion": [
    0.002494150074198842,
    0.03005794994533062
  ],
  "image_size": [
    480,
    856
  ]
}