{
  "orientation": [
    [
      0.6094011068344116,
      -0.5433518886566162,
      0.5774071216583252
    ],
    [
      0.3804912269115448,
      0.8393347859382629,
      0.3882570266723633
    ],
    [
      -0.6955981254577637,
      -0.01690591312944889,
      0.7182322144508362
    ]
  ],
  "position": [
    2.408522844314575,
    0.3658316135406494,
    0.08070176839828491
  ],
  "focal_length": 716.3578491210938,
  "principal_point": [
    310.08148193359375,
    453.3079833984375
  ],
  "skew": 0.0,
  "pixel_aspect_ratio": 1.0,
  "radial_distortion": [
    0.09550585597753525,
    -0.23209302127361298,
    0.0
  ],
  "tangential_distortion": [
    0.002494150074198842,
    0.03005794994533062
  ],
  "image_size": [
    480,
    856
  ]
}