{
  "orientation": [
    [
      0.9603597521781921,
      0.24266192317008972,
      -0.13720159232616425
    ],
    [
      -0.22933292388916016,
      0.9675561785697937,
      0.10602593421936035
    ],
    [
      0.15847870707511902,
      -0.07035819441080093,
      0.9848523736000061
    ]
  ],
  "position": [
    -2.538855791091919,
    0.6837584972381592,
    -0.29535460472106934
  ],
  "focal_length": 716.3578491210938,
  "principal_point": [
    310.08148193359375,
    453.3079833984375
  ],
  "skew": 0.0,
  "pixel_aspect_ratio": 1.0,
  "radial_distortion": [
    0.09550585597753525,
    -0.23209302127361298,
    0.0
  ],
  "tangential_distortion": [
    0.002494150074198842,
    0.03005794994533062
  ],
  "image_size": [
    480,
    856
  ]
}