{
  "orientation": [
    [
      0.39543095231056213,
      -0.6947834491729736,
      0.6007581353187561
    ],
    [
      0.4565952718257904,
      0.7162207365036011,
      0.5277770757675171
    ],
    [
      -0.7969661951065063,
      0.06560394167900085,
      0.6004506945610046
    ]
  ],
  "position": [
    3.9763503074645996,
    -1.6631317138671875,
    2.026372194290161
  ],
  "focal_length": 716.3578491210938,
  "principal_point": [
    310.08148193359375,
    453.3079833984375
  ],
  "skew": 0.0,
  "pixel_aspect_ratio": 1.0,
  "radial_distortion": [
    0.09550585597753525,
    -0.23209302127361298,
    0.0
  ],
  "tangential_distortion": [
    0.002494150074198842,
    0.03005794994533062
  ],
  "image_size": [
    480,
    856
  ]
}