{
  "orientation": [
    [
      0.9511443972587585,
      0.2402902990579605,
      -0.1938682347536087
    ],
    [
      -0.22830213606357574,
      0.9701042771339417,
      0.08231540769338608
    ],
    [
      0.20785200595855713,
      -0.03403330594301224,
      0.9775680303573608
    ]
  ],
  "position": [
    -2.913839817047119,
    0.496793657541275,
    -1.1121073961257935
  ],
  "focal_length": 716.3578491210938,
  "principal_point": [
    310.08148193359375,
    453.3079833984375
  ],
  "skew": 0.0,
  "pixel_aspect_ratio": 1.0,
  "radial_distortion": [
    0.09550585597753525,
    -0.23209302127361298,
    0.0
  ],
  "tangential_distortion": [
    0.002494150074198842,
    0.03005794994533062
  ],
  "image_size": [
    480,
    856
  ]
}