{
  "orientation": [
    [
      0.9482630491256714,
      0.28109031915664673,
      -0.1475987434387207
    ],
    [
      -0.26721304655075073,
      0.9576705098152161,
      0.10707174241542816
    ],
    [
      0.17144779860973358,
      -0.06209186464548111,
      0.9832345843315125
    ]
  ],
  "position": [
    -2.4859752655029297,
    0.627081573009491,
    -0.341676265001297
  ],
  "focal_length": 716.3578491210938,
  "principal_point": [
    310.08148193359375,
    453.3079833984375
  ],
  "skew": 0.0,
  "pixel_aspect_ratio": 1.0,
  "radial_distortion": [
    0.09550585597753525,
    -0.23209302127361298,
    0.0
  ],
  "tangential_distortion": [
    0.002494150074198842,
    0.03005794994533062
  ],
  "image_size": [
    480,
    856
  ]
}