{
  "orientation": [
    [
      0.969695508480072,
      0.21120232343673706,
      -0.12281756848096848
    ],
    [
      -0.2001326084136963,
      0.9750024080276489,
      0.09652593731880188
    ],
    [
      0.14013393223285675,
      -0.06902097165584564,
      0.9877239465713501
    ]
  ],
  "position": [
    -2.4065804481506348,
    0.6483722925186157,
    -0.3855454921722412
  ],
  "focal_length": 716.3578491210938,
  "principal_point": [
    310.08148193359375,
    453.3079833984375
  ],
  "skew": 0.0,
  "pixel_aspect_ratio": 1.0,
  "radial_distortion": [
    0.09550585597753525,
    -0.23209302127361298,
    0.0
  ],
  "tangential_distortion": [
    0.002494150074198842,
    0.03005794994533062
  ],
  "image_size": [
    480,
    856
  ]
}