{
  "orientation": [
    [
      0.6104133129119873,
      0.6067438721656799,
      -0.5091733336448669
    ],
    [
      -0.5575024485588074,
      0.7857415080070496,
      0.2679576277732849
    ],
    [
      0.562660276889801,
      0.12030047178268433,
      0.8178882598876953
    ]
  ],
  "position": [
    -5.009225845336914,
    -0.8597598671913147,
    -0.18164263665676117
  ],
  "focal_length": 716.3578491210938,
  "principal_point": [
    310.08148193359375,
    453.3079833984375
  ],
  "skew": 0.0,
  "pixel_aspect_ratio": 1.0,
  "radial_distortion": [
    0.09550585597753525,
    -0.23209302127361298,
    0.0
  ],
  "tangential_distortion": [
    0.002494150074198842,
    0.03005794994533062
  ],
  "image_size": [
    480,
    856
  ]
}