{
  "orientation": [
    [
      0.5077650547027588,
      -0.6434913277626038,
      0.5727945566177368
    ],
    [
      0.42711618542671204,
      0.7654533982276917,
      0.481303334236145
    ],
    [
      -0.748162031173706,
      0.00026083027478307486,
      0.6635159850120544
    ]
  ],
  "position": [
    3.9531474113464355,
    -1.234148621559143,
    1.6821941137313843
  ],
  "focal_length": 716.3578491210938,
  "principal_point": [
    310.08148193359375,
    453.3079833984375
  ],
  "skew": 0.0,
  "pixel_aspect_ratio": 1.0,
  "radial_distortion": [
    0.09550585597753525,
    -0.23209302127361298,
    0.0
  ],
  "tangential_distortion": [
    0.002494150074198842,
    0.03005794994533062
  ],
  "image_size": [
    480,
    856
  ]
}