{
  "orientation": [
    [
      0.5815896391868591,
      -0.6060330271720886,
      0.5426577925682068
    ],
    [
      0.41004255414009094,
      0.7945331931114197,
      0.44786393642425537
    ],
    [
      -0.7025799751281738,
      -0.037960220128297806,
      0.7105916142463684
    ]
  ],
  "position": [
    3.833491086959839,
    -0.8040221333503723,
    1.3201324939727783
  ],
  "focal_length": 716.3578491210938,
  "principal_point": [
    310.08148193359375,
    453.3079833984375
  ],
  "skew": 0.0,
  "pixel_aspect_ratio": 1.0,
  "radial_distortion": [
    0.09550585597753525,
    -0.23209302127361298,
    0.0
  ],
  "tangential_distortion": [
    0.002494150074198842,
    0.03005794994533062
  ],
  "image_size": [
    480,
    856
  ]
}