{
  "orientation": [
    [
      0.9511119723320007,
      -0.1193222925066948,
      0.28486526012420654
    ],
    [
      0.05286810174584389,
      0.9716405272483826,
      0.2304770052433014
    ],
    [
      -0.3042876720428467,
      -0.20414915680885315,
      0.9304472804069519
    ]
  ],
  "position": [
    -0.46785369515419006,
    1.3996541500091553,
    -1.3400452136993408
  ],
  "focal_length": 716.3578491210938,
  "principal_point": [
    310.08148193359375,
    453.3079833984375
  ],
  "skew": 0.0,
  "pixel_aspect_ratio": 1.0,
  "radial_distortion": [
    0.09550585597753525,
    -0.23209302127361298,
    0.0
  ],
  "tangential_distortion": [
    0.002494150074198842,
    0.03005794994533062
  ],
  "image_size": [
    480,
    856
  ]
}