{
  "orientation": [
    [
      0.8065922856330872,
      -0.3555428683757782,
      0.4722267985343933
    ],
    [
      0.22824323177337646,
      0.9242578744888306,
      0.3060268461704254
    ],
    [
      -0.5452650189399719,
      -0.13905631005764008,
      0.82664954662323
    ]
  ],
  "position": [
    1.553305745124817,
    1.3157817125320435,
    0.002771046943962574
  ],
  "focal_length": 716.3578491210938,
  "principal_point": [
    310.08148193359375,
    453.3079833984375
  ],
  "skew": 0.0,
  "pixel_aspect_ratio": 1.0,
  "radial_distortion": [
    0.09550585597753525,
    -0.23209302127361298,
    0.0
  ],
  "tangential_distortion": [
    0.002494150074198842,
    0.03005794994533062
  ],
  "image_size": [
    480,
    856
  ]
}