{
  "orientation": [
    [
      0.708534300327301,
      -0.46143442392349243,
      0.5339077115058899
    ],
    [
      0.3309832215309143,
      0.8855099081993103,
      0.32607099413871765
    ],
    [
      -0.6232409477233887,
      -0.05431798845529556,
      0.7801411747932434
    ]
  ],
  "position": [
    1.8587738275527954,
    0.7142001986503601,
    -0.23669986426830292
  ],
  "focal_length": 716.3578491210938,
  "principal_point": [
    310.08148193359375,
    453.3079833984375
  ],
  "skew": 0.0,
  "pixel_aspect_ratio": 1.0,
  "radial_distortion": [
    0.09550585597753525,
    -0.23209302127361298,
    0.0
  ],
  "tangential_distortion": [
    0.002494150074198842,
    0.03005794994533062
  ],
  "image_size": [
    480,
    856
  ]
}