{
  "orientation": [
    [
      0.8055468797683716,
      0.46945661306381226,
      -0.3615311086177826
    ],
    [
      -0.4499363303184509,
      0.8816484808921814,
      0.1423138976097107
    ],
    [
      0.3855535686016083,
      0.048025473952293396,
      0.921434760093689
    ]
  ],
  "position": [
    -4.2564263343811035,
    -0.07017631828784943,
    -0.7176717519760132
  ],
  "focal_length": 716.3578491210938,
  "principal_point": [
    310.08148193359375,
    453.3079833984375
  ],
  "skew": 0.0,
  "pixel_aspect_ratio": 1.0,
  "radial_distortion": [
    0.09550585597753525,
    -0.23209302127361298,
    0.0
  ],
  "tangential_distortion": [
    0.002494150074198842,
    0.03005794994533062
  ],
  "image_size": [
    480,
    856
  ]
}