{
  "orientation": [
    [
      0.9270527958869934,
      0.2973281741142273,
      -0.22840559482574463
    ],
    [
      -0.28164640069007874,
      0.9543749094009399,
      0.09921593219041824
    ],
    [
      0.2474842667579651,
      -0.027648787945508957,
      0.9684973359107971
    ]
  ],
  "position": [
    -3.313795328140259,
    0.4588918089866638,
    -0.9725642204284668
  ],
  "focal_length": 716.3578491210938,
  "principal_point": [
    310.08148193359375,
    453.3079833984375
  ],
  "skew": 0.0,
  "pixel_aspect_ratio": 1.0,
  "radial_distortion": [
    0.09550585597753525,
    -0.23209302127361298,
    0.0
  ],
  "tangential_distortion": [
    0.002494150074198842,
    0.03005794994533062
  ],
  "image_size": [
    480,
    856
  ]
}