{
  "orientation": [
    [
      0.3816993534564972,
      -0.613784670829773,
      0.6910673379898071
    ],
    [
      0.36701586842536926,
      0.7868543267250061,
      0.49614471197128296
    ],
    [
      -0.8482953310012817,
      0.06425456702709198,
      0.5256105065345764
    ]
  ],
  "position": [
    2.8455214500427246,
    -0.1219693049788475,
    1.3420222997665405
  ],
  "focal_length": 716.3578491210938,
  "principal_point": [
    310.08148193359375,
    453.3079833984375
  ],
  "skew": 0.0,
  "pixel_aspect_ratio": 1.0,
  "radial_distortion": [
    0.09550585597753525,
    -0.23209302127361298,
    0.0
  ],
  "tangential_distortion": [
    0.002494150074198842,
    0.03005794994533062
  ],
  "image_size": [
    480,
    856
  ]
}