{
  "orientation": [
    [
      0.02093987911939621,
      -0.7821055054664612,
      0.6227940917015076
    ],
    [
      0.5036782026290894,
      0.5463567972183228,
      0.6691805124282837
    ],
    [
      -0.8636375665664673,
      0.29967522621154785,
      0.4053701162338257
    ]
  ],
  "position": [
    3.82094669342041,
    -2.6265552043914795,
    3.01194429397583
  ],
  "focal_length": 716.3578491210938,
  "principal_point": [
    310.08148193359375,
    453.3079833984375
  ],
  "skew": 0.0,
  "pixel_aspect_ratio": 1.0,
  "radial_distortion": [
    0.09550585597753525,
    -0.23209302127361298,
    0.0
  ],
  "tangential_distortion": [
    0.002494150074198842,
    0.03005794994533062
  ],
  "image_size": [
    480,
    856
  ]
}