{
  "orientation": [
    [
      0.3077983856201172,
      -0.6549031734466553,
      0.690189778804779
    ],
    [
      0.38882744312286377,
      0.7486488223075867,
      0.5369712114334106
    ],
    [
      -0.8683739900588989,
      0.10308586806058884,
      0.48507723212242126
    ]
  ],
  "position": [
    3.5577192306518555,
    -0.8108438849449158,
    1.9286739826202393
  ],
  "focal_length": 716.3578491210938,
  "principal_point": [
    310.08148193359375,
    453.3079833984375
  ],
  "skew": 0.0,
  "pixel_aspect_ratio": 1.0,
  "radial_distortion": [
    0.09550585597753525,
    -0.23209302127361298,
    0.0
  ],
  "tangential_distortion": [
    0.002494150074198842,
    0.03005794994533062
  ],
  "image_size": [
    480,
    856
  ]
}