{
  "orientation": [
    [
      0.22312580049037933,
      -0.7081308960914612,
      0.669899582862854
    ],
    [
      0.41977885365486145,
      0.690039336681366,
      0.5896027684211731
    ],
    [
      -0.8797730207443237,
      0.1496540904045105,
      0.4512239694595337
    ]
  ],
  "position": [
    4.028994560241699,
    -1.5677475929260254,
    2.5906424522399902
  ],
  "focal_length": 716.3578491210938,
  "principal_point": [
    310.08148193359375,
    453.3079833984375
  ],
  "skew": 0.0,
  "pixel_aspect_ratio": 1.0,
  "radial_distortion": [
    0.09550585597753525,
    -0.23209302127361298,
    0.0
  ],
  "tangential_distortion": [
    0.002494150074198842,
    0.03005794994533062
  ],
  "image_size": [
    480,
    856
  ]
}