{
  "orientation": [
    [
      0.7301915287971497,
      0.5430271625518799,
      -0.41465872526168823
    ],
    [
      -0.47650083899497986,
      0.8396829962730408,
      0.26053670048713684
    ],
    [
      0.489660382270813,
      0.007343562785536051,
      0.8718823194503784
    ]
  ],
  "position": [
    -4.453054904937744,
    -0.4720037877559662,
    -0.6573843955993652
  ],
  "focal_length": 716.3578491210938,
  "principal_point": [
    310.08148193359375,
    453.3079833984375
  ],
  "skew": 0.0,
  "pixel_aspect_ratio": 1.0,
  "radial_distortion": [
    0.09550585597753525,
    -0.23209302127361298,
    0.0
  ],
  "tangential_distortion": [
    0.002494150074198842,
    0.03005794994533062
  ],
  "image_size": [
    480,
    856
  ]
}