{
  "orientation": [
    [
      0.09382762759923935,
      -0.7413589358329773,
      0.664517343044281
    ],
    [
      0.4452114999294281,
      0.6282497644424438,
      0.638035237789154
    ],
    [
      -0.890496015548706,
      0.2359854280948639,
      0.38900870084762573
    ]
  ],
  "position": [
    3.9535813331604004,
    -2.462292194366455,
    3.4546689987182617
  ],
  "focal_length": 716.3578491210938,
  "principal_point": [
    310.08148193359375,
    453.3079833984375
  ],
  "skew": 0.0,
  "pixel_aspect_ratio": 1.0,
  "radial_distortion": [
    0.09550585597753525,
    -0.23209302127361298,
    0.0
  ],
  "tangential_distortion": [
    0.002494150074198842,
    0.03005794994533062
  ],
  "image_size": [
    480,
    856
  ]
}