{
  "orientation": [
    [
      0.8728803992271423,
      -0.2716464698314667,
      0.4053245186805725
    ],
    [
      0.16717177629470825,
      0.9469133615493774,
      0.2746064066886902
    ],
    [
      -0.458403080701828,
      -0.17193973064422607,
      0.8719537258148193
    ]
  ],
  "position": [
    0.7245988845825195,
    1.534387230873108,
    -0.5619381070137024
  ],
  "focal_length": 716.3578491210938,
  "principal_point": [
    310.08148193359375,
    453.3079833984375
  ],
  "skew": 0.0,
  "pixel_aspect_ratio": 1.0,
  "radial_distortion": [
    0.09550585597753525,
    -0.23209302127361298,
    0.0
  ],
  "tangential_distortion": [
    0.002494150074198842,
    0.03005794994533062
  ],
  "image_size": [
    480,
    856
  ]
}