{
  "orientation": [
    [
      0.613284170627594,
      0.6096273064613342,
      -0.5022320747375488
    ],
    [
      -0.5598981380462646,
      0.7840283513069153,
      0.26798054575920105
    ],
    [
      0.5571324229240417,
      0.11685056239366531,
      0.8221614360809326
    ]
  ],
  "position": [
    -5.033857345581055,
    -0.8995176553726196,
    -0.2599562108516693
  ],
  "focal_length": 716.3578491210938,
  "principal_point": [
    310.08148193359375,
    453.3079833984375
  ],
  "skew": 0.0,
  "pixel_aspect_ratio": 1.0,
  "radial_distortion": [
    0.09550585597753525,
    -0.23209302127361298,
    0.0
  ],
  "tangential_distortion": [
    0.002494150074198842,
    0.03005794994533062
  ],
  "image_size": [
    480,
    856
  ]
}