{
  "orientation": [
    [
      0.9698448777198792,
      0.19051459431648254,
      -0.1520034670829773
    ],
    [
      -0.18164905905723572,
      0.9808436632156372,
      0.07035122066736221
    ],
    [
      0.16249457001686096,
      -0.04061848670244217,
      0.9858730435371399
    ]
  ],
  "position": [
    -2.54661226272583,
    0.5876476168632507,
    -1.2149238586425781
  ],
  "focal_length": 716.3578491210938,
  "principal_point": [
    310.08148193359375,
    453.3079833984375
  ],
  "skew": 0.0,
  "pixel_aspect_ratio": 1.0,
  "radial_distortion": [
    0.09550585597753525,
    -0.23209302127361298,
    0.0
  ],
  "tangential_distortion": [
    0.002494150074198842,
    0.03005794994533062
  ],
  "image_size": [
    480,
    856
  ]
}