{
  "orientation": [
    [
      0.9996870756149292,
      0.013510484248399734,
      0.02105288952589035
    ],
    [
      -0.013973175548017025,
      0.9996606111526489,
      0.021987680345773697
    ],
    [
      -0.020748678594827652,
      -0.02227497473359108,
      0.9995365738868713
    ]
  ],
  "position": [
    -1.2739547491073608,
    0.747525691986084,
    -1.2170761823654175
  ],
  "focal_length": 716.3578491210938,
  "principal_point": [
    310.08148193359375,
    453.3079833984375
  ],
  "skew": 0.0,
  "pixel_aspect_ratio": 1.0,
  "radial_distortion": [
    0.09550585597753525,
    -0.23209302127361298,
    0.0
  ],
  "tangential_distortion": [
    0.002494150074198842,
    0.03005794994533062
  ],
  "image_size": [
    480,
    856
  ]
}