{
  "orientation": [
    [
      0.9927123188972473,
      0.004093666095286608,
      0.1204388216137886
    ],
    [
      -0.02002701722085476,
      0.9911292791366577,
      0.13138383626937866
    ],
    [
      -0.11883259564638138,
      -0.1328383833169937,
      0.9839882254600525
    ]
  ],
  "position": [
    -1.1107245683670044,
    0.8448358178138733,
    -0.86289381980896
  ],
  "focal_length": 716.3578491210938,
  "principal_point": [
    310.08148193359375,
    453.3079833984375
  ],
  "skew": 0.0,
  "pixel_aspect_ratio": 1.0,
  "radial_distortion": [
    0.09550585597753525,
    -0.23209302127361298,
    0.0
  ],
  "tangential_distortion": [
    0.002494150074198842,
    0.03005794994533062
  ],
  "image_size": [
    480,
    856
  ]
}