{
  "orientation": [
    [
      0.7885806560516357,
      0.4959948658943176,
      -0.3634963929653168
    ],
    [
      -0.4424262046813965,
      0.868169367313385,
      0.22481323778629303
    ],
    [
      0.4270826578140259,
      -0.01646304689347744,
      0.9040626883506775
    ]
  ],
  "position": [
    -4.056652545928955,
    -0.28995028138160706,
    -0.9279807209968567
  ],
  "focal_length": 716.3578491210938,
  "principal_point": [
    310.08148193359375,
    453.3079833984375
  ],
  "skew": 0.0,
  "pixel_aspect_ratio": 1.0,
  "radial_distortion": [
    0.09550585597753525,
    -0.23209302127361298,
    0.0
  ],
  "tangential_distortion": [
    0.002494150074198842,
    0.03005794994533062
  ],
  "image_size": [
    480,
    856
  ]
}