{
  "orientation": [
    [
      0.9841238856315613,
      0.14688457548618317,
      -0.09962489455938339
    ],
    [
      -0.14193210005760193,
      0.9883396029472351,
      0.0551375113427639
    ],
    [
      0.10656207799911499,
      -0.04012217000126839,
      0.9934962391853333
    ]
  ],
  "position": [
    -2.1114566326141357,
    0.6904718279838562,
    -1.3031893968582153
  ],
  "focal_length": 716.3578491210938,
  "principal_point": [
    310.08148193359375,
    453.3079833984375
  ],
  "skew": 0.0,
  "pixel_aspect_ratio": 1.0,
  "radial_distortion": [
    0.09550585597753525,
    -0.23209302127361298,
    0.0
  ],
  "tangential_distortion": [
    0.002494150074198842,
    0.03005794994533062
  ],
  "image_size": [
    480,
    856
  ]
}