{
  "orientation": [
    [
      0.28047439455986023,
      -0.6738256216049194,
      0.683588445186615
    ],
    [
      0.3996568024158478,
      0.7294860482215881,
      0.5550896525382996
    ],
    [
      -0.87270188331604,
      0.11751233786344528,
      0.4739011526107788
    ]
  ],
  "position": [
    3.685380220413208,
    -0.9786278605461121,
    2.1050403118133545
  ],
  "focal_length": 716.3578491210938,
  "principal_point": [
    310.08148193359375,
    453.3079833984375
  ],
  "skew": 0.0,
  "pixel_aspect_ratio": 1.0,
  "radial_distortion": [
    0.09550585597753525,
    -0.23209302127361298,
    0.0
  ],
  "tangential_distortion": [
    0.002494150074198842,
    0.03005794994533062
  ],
  "image_size": [
    480,
    856
  ]
}