{
  "orientation": [
    [
      0.3401229977607727,
      -0.6334602236747742,
      0.6950140595436096
    ],
    [
      0.37664854526519775,
      0.7689715027809143,
      0.5165449976921082
    ],
    [
      -0.861656665802002,
      0.0860871970653534,
      0.5001367330551147
    ]
  ],
  "position": [
    3.354067325592041,
    -0.5609455108642578,
    1.7375465631484985
  ],
  "focal_length": 716.3578491210938,
  "principal_point": [
    310.08148193359375,
    453.3079833984375
  ],
  "skew": 0.0,
  "pixel_aspect_ratio": 1.0,
  "radial_distortion": [
    0.09550585597753525,
    -0.23209302127361298,
    0.0
  ],
  "tangential_distortion": [
    0.002494150074198842,
    0.03005794994533062
  ],
  "image_size": [
    480,
    856
  ]
}