{
  "orientation": [
    [
      0.9943849444389343,
      0.10388188064098358,
      0.02017791010439396
    ],
    [
      -0.10545661300420761,
      0.9886195659637451,
      0.10728566348552704
    ],
    [
      -0.008803240954875946,
      -0.1088111400604248,
      0.9940234422683716
    ]
  ],
  "position": [
    -1.7778027057647705,
    0.8010930418968201,
    -0.7460234761238098
  ],
  "focal_length": 716.3578491210938,
  "principal_point": [
    310.08148193359375,
    453.3079833984375
  ],
  "skew": 0.0,
  "pixel_aspect_ratio": 1.0,
  "radial_distortion": [
    0.09550585597753525,
    -0.23209302127361298,
    0.0
  ],
  "tangential_distortion": [
    0.002494150074198842,
    0.03005794994533062
  ],
  "image_size": [
    480,
    856
  ]
}