{
  "orientation": [
    [
      0.9883899688720703,
      -0.09881741553544998,
      0.11541377753019333
    ],
    [
      0.0786234438419342,
      0.9826434254646301,
      0.16801856458187103
    ],
    [
      -0.13001374900341034,
      -0.15699364244937897,
      0.9790043234825134
    ]
  ],
  "position": [
    0.26500746607780457,
    0.9129484295845032,
    -0.6268723607063293
  ],
  "focal_length": 716.3578491210938,
  "principal_point": [
    310.08148193359375,
    453.3079833984375
  ],
  "skew": 0.0,
  "pixel_aspect_ratio": 1.0,
  "radial_distortion": [
    0.09550585597753525,
    -0.23209302127361298,
    0.0
  ],
  "tangential_distortion": [
    0.002494150074198842,
    0.03005794994533062
  ],
  "image_size": [
    480,
    856
  ]
}