{
  "orientation": [
    [
      0.995496392250061,
      0.05016641691327095,
      0.0804382935166359
    ],
    [
      -0.0591973140835762,
      0.9917002320289612,
      0.11413303017616272
    ],
    [
      -0.07404502481222153,
      -0.11838074773550034,
      0.9902036786079407
    ]
  ],
  "position": [
    -1.4398640394210815,
    0.8104798197746277,
    -0.8607744574546814
  ],
  "focal_length": 716.3578491210938,
  "principal_point": [
    310.08148193359375,
    453.3079833984375
  ],
  "skew": 0.0,
  "pixel_aspect_ratio": 1.0,
  "radial_distortion": [
    0.09550585597753525,
    -0.23209302127361298,
    0.0
  ],
  "tangential_distortion": [
    0.002494150074198842,
    0.03005794994533062
  ],
  "image_size": [
    480,
    856
  ]
}