{
  "orientation": [
    [
      0.6377231478691101,
      -0.5138568878173828,
      0.5738120675086975
    ],
    [
      0.3625209331512451,
      0.8575184345245361,
      0.36502158641815186
    ],
    [
      -0.6796232461929321,
      -0.02476382814347744,
      0.7331432104110718
    ]
  ],
  "position": [
    2.148446798324585,
    0.5448694825172424,
    -0.07655304670333862
  ],
  "focal_length": 716.3578491210938,
  "principal_point": [
    310.08148193359375,
    453.3079833984375
  ],
  "skew": 0.0,
  "pixel_aspect_ratio": 1.0,
  "radial_distortion": [
    0.09550585597753525,
    -0.23209302127361298,
    0.0
  ],
  "tangential_distortion": [
    0.002494150074198842,
    0.03005794994533062
  ],
  "image_size": [
    480,
    856
  ]
}