{
  "orientation": [
    [
      0.5958337187767029,
      -0.5180604457855225,
      0.6136738657951355
    ],
    [
      0.32477855682373047,
      0.8542870283126831,
      0.40584796667099
    ],
    [
      -0.7345073819160461,
      -0.04250980541110039,
      0.6772679090499878
    ]
  ],
  "position": [
    2.274177312850952,
    0.7027914524078369,
    0.6076224446296692
  ],
  "focal_length": 716.3578491210938,
  "principal_point": [
    310.08148193359375,
    453.3079833984375
  ],
  "skew": 0.0,
  "pixel_aspect_ratio": 1.0,
  "radial_distortion": [
    0.09550585597753525,
    -0.23209302127361298,
    0.0
  ],
  "tangential_distortion": [
    0.002494150074198842,
    0.03005794994533062
  ],
  "image_size": [
    480,
    856
  ]
}