{
  "orientation": [
    [
      0.9776615500450134,
      0.20893977582454681,
      -0.022847982123494148
    ],
    [
      -0.20341840386390686,
      0.9679397940635681,
      0.1473550647497177
    ],
    [
      0.052903804928064346,
      -0.1394156813621521,
      0.9888197183609009
    ]
  ],
  "position": [
    -1.831456184387207,
    0.6263144016265869,
    -1.4939872026443481
  ],
  "focal_length": 716.3578491210938,
  "principal_point": [
    310.08148193359375,
    453.3079833984375
  ],
  "skew": 0.0,
  "pixel_aspect_ratio": 1.0,
  "radial_distortion": [
    0.09550585597753525,
    -0.23209302127361298,
    0.0
  ],
  "tangential_distortion": [
    0.002494150074198842,
    0.03005794994533062
  ],
  "image_size": [
    480,
    856
  ]
}