{
  "orientation": [
    [
      0.8429580926895142,
      -0.31269925832748413,
      0.43776801228523254
    ],
    [
      0.19816000759601593,
      0.9369893074035645,
      0.28772154450416565
    ],
    [
      -0.5001542568206787,
      -0.1557890772819519,
      0.851807177066803
    ]
  ],
  "position": [
    1.2328147888183594,
    1.4588440656661987,
    -0.3102950155735016
  ],
  "focal_length": 716.3578491210938,
  "principal_point": [
    310.08148193359375,
    453.3079833984375
  ],
  "skew": 0.0,
  "pixel_aspect_ratio": 1.0,
  "radial_distortion": [
    0.09550585597753525,
    -0.23209302127361298,
    0.0
  ],
  "tangential_distortion": [
    0.002494150074198842,
    0.03005794994533062
  ],
  "image_size": [
    480,
    856
  ]
}