{
  "orientation": [
    [
      0.19180844724178314,
      -0.7235655784606934,
      0.6630704402923584
    ],
    [
      0.4298122525215149,
      0.6693098545074463,
      0.6060410737991333
    ],
    [
      -0.8823100328445435,
      0.16875199973583221,
      0.4393766224384308
    ]
  ],
  "position": [
    4.032491207122803,
    -1.8687262535095215,
    2.890143632888794
  ],
  "focal_length": 716.3578491210938,
  "principal_point": [
    310.08148193359375,
    453.3079833984375
  ],
  "skew": 0.0,
  "pixel_aspect_ratio": 1.0,
  "radial_distortion": [
    0.09550585597753525,
    -0.23209302127361298,
    0.0
  ],
  "tangential_distortion": [
    0.002494150074198842,
    0.03005794994533062
  ],
  "image_size": [
    480,
    856
  ]
}