{
  "orientation": [
    [
      0.8985788226127625,
      0.3519190549850464,
      -0.262124240398407
    ],
    [
      -0.3350781798362732,
      0.9359855055809021,
      0.10795260220766068
    ],
    [
      0.2833350896835327,
      -0.009171800687909126,
      0.9589771032333374
    ]
  ],
  "position": [
    -3.686068296432495,
    0.299072802066803,
    -0.8611555099487305
  ],
  "focal_length": 716.3578491210938,
  "principal_point": [
    310.08148193359375,
    453.3079833984375
  ],
  "skew": 0.0,
  "pixel_aspect_ratio": 1.0,
  "radial_distortion": [
    0.09550585597753525,
    -0.23209302127361298,
    0.0
  ],
  "tangential_distortion": [
    0.002494150074198842,
    0.03005794994533062
  ],
  "image_size": [
    480,
    856
  ]
}