{
  "orientation": [
    [
      0.9000053405761719,
      -0.22981905937194824,
      0.37036949396133423
    ],
    [
      0.13549162447452545,
      0.9551197290420532,
      0.26341673731803894
    ],
    [
      -0.4142853915691376,
      -0.1868945062160492,
      0.8907514214515686
    ]
  ],
  "position": [
    0.2120741605758667,
    1.6194864511489868,
    -0.858606219291687
  ],
  "focal_length": 716.3578491210938,
  "principal_point": [
    310.08148193359375,
    453.3079833984375
  ],
  "skew": 0.0,
  "pixel_aspect_ratio": 1.0,
  "radial_distortion": [
    0.09550585597753525,
    -0.23209302127361298,
    0.0
  ],
  "tangential_distortion": [
    0.002494150074198842,
    0.03005794994533062
  ],
  "image_size": [
    480,
    856
  ]
}