{
  "orientation": [
    [
      0.2673022747039795,
      -0.7394629120826721,
      0.6178544163703918
    ],
    [
      0.48527804017066956,
      0.6572437286376953,
      0.5766592621803284
    ],
    [
      -0.832499086856842,
      0.14568884670734406,
      0.5345278978347778
    ]
  ],
  "position": [
    3.9193613529205322,
    -2.03848934173584,
    2.427696466445923
  ],
  "focal_length": 716.3578491210938,
  "principal_point": [
    310.08148193359375,
    453.3079833984375
  ],
  "skew": 0.0,
  "pixel_aspect_ratio": 1.0,
  "radial_distortion": [
    0.09550585597753525,
    -0.23209302127361298,
    0.0
  ],
  "tangential_distortion": [
    0.002494150074198842,
    0.03005794994533062
  ],
  "image_size": [
    480,
    856
  ]
}