{
  "orientation": [
    [
      0.6216328144073486,
      -0.565356969833374,
      0.5421661734580994
    ],
    [
      0.39151203632354736,
      0.823742687702179,
      0.41008085012435913
    ],
    [
      -0.6784474849700928,
      -0.042655136436223984,
      0.7334095239639282
    ]
  ],
  "position": [
    3.2156660556793213,
    -0.18508169054985046,
    0.44907552003860474
  ],
  "focal_length": 716.3578491210938,
  "principal_point": [
    310.08148193359375,
    453.3079833984375
  ],
  "skew": 0.0,
  "pixel_aspect_ratio": 1.0,
  "radial_distortion": [
    0.09550585597753525,
    -0.23209302127361298,
    0.0
  ],
  "tangential_distortion": [
    0.002494150074198842,
    0.03005794994533062
  ],
  "image_size": [
    480,
    856
  ]
}