{
  "orientation": [
    [
      0.8815793395042419,
      -0.3002445101737976,
      0.364240437746048
    ],
    [
      0.22153998911380768,
      0.9445451498031616,
      0.24239324033260345
    ],
    [
      -0.416818767786026,
      -0.13299505412578583,
      0.8992076516151428
    ]
  ],
  "position": [
    1.3306927680969238,
    0.9294684529304504,
    -0.32104116678237915
  ],
  "focal_length": 716.3578491210938,
  "principal_point": [
    310.08148193359375,
    453.3079833984375
  ],
  "skew": 0.0,
  "pixel_aspect_ratio": 1.0,
  "radial_distortion": [
    0.09550585597753525,
    -0.23209302127361298,
    0.0
  ],
  "tangential_distortion": [
    0.002494150074198842,
    0.03005794994533062
  ],
  "image_size": [
    480,
    856
  ]
}