{
  "orientation": [
    [
      0.9725499153137207,
      -0.05390588194131851,
      0.2263643592596054
    ],
    [
      0.0020324857905507088,
      0.9747276902198792,
      0.22338703274726868
    ],
    [
      -0.23268549144268036,
      -0.216794952750206,
      0.9480808973312378
    ]
  ],
  "position": [
    -0.7148208618164062,
    1.2265652418136597,
    -1.4756792783737183
  ],
  "focal_length": 716.3578491210938,
  "principal_point": [
    310.08148193359375,
    453.3079833984375
  ],
  "skew": 0.0,
  "pixel_aspect_ratio": 1.0,
  "radial_distortion": [
    0.09550585597753525,
    -0.23209302127361298,
    0.0
  ],
  "tangential_distortion": [
    0.002494150074198842,
    0.03005794994533062
  ],
  "image_size": [
    480,
    856
  ]
}