{
  "orientation": [
    [
      0.989308774471283,
      -0.05187911167740822,
      0.13629646599292755
    ],
    [
      0.030614396557211876,
      0.9876407980918884,
      0.15371517837047577
    ],
    [
      -0.14258655905723572,
      -0.14789915084838867,
      0.9786700010299683
    ]
  ],
  "position": [
    -0.4735606014728546,
    0.9077965021133423,
    -0.8180709481239319
  ],
  "focal_length": 716.3578491210938,
  "principal_point": [
    310.08148193359375,
    453.3079833984375
  ],
  "skew": 0.0,
  "pixel_aspect_ratio": 1.0,
  "radial_distortion": [
    0.09550585597753525,
    -0.23209302127361298,
    0.0
  ],
  "tangential_distortion": [
    0.002494150074198842,
    0.03005794994533062
  ],
  "image_size": [
    480,
    856
  ]
}