{
  "orientation": [
    [
      0.9495008587837219,
      0.27744537591934204,
      -0.14653380215168
    ],
    [
      -0.2627236545085907,
      0.9583348035812378,
      0.11211906373500824
    ],
    [
      0.17153535783290863,
      -0.0679592490196228,
      0.9828311800956726
    ]
  ],
  "position": [
    -2.527557373046875,
    0.6668821573257446,
    -0.28217074275016785
  ],
  "focal_length": 716.3578491210938,
  "principal_point": [
    310.08148193359375,
    453.3079833984375
  ],
  "skew": 0.0,
  "pixel_aspect_ratio": 1.0,
  "radial_distortion": [
    0.09550585597753525,
    -0.23209302127361298,
    0.0
  ],
  "tangential_distortion": [
    0.002494150074198842,
    0.03005794994533062
  ],
  "image_size": [
    480,
    856
  ]
}