{
  "orientation": [
    [
      0.6074705123901367,
      0.6104554533958435,
      -0.5082555413246155
    ],
    [
      -0.5607193112373352,
      0.7827557325363159,
      0.26997655630111694
    ],
    [
      0.562648594379425,
      0.12098589539527893,
      0.8177951574325562
    ]
  ],
  "position": [
    -5.026162147521973,
    -0.8444331288337708,
    -0.20774225890636444
  ],
  "focal_length": 716.3578491210938,
  "principal_point": [
    310.08148193359375,
    453.3079833984375
  ],
  "skew": 0.0,
  "pixel_aspect_ratio": 1.0,
  "radial_distortion": [
    0.09550585597753525,
    -0.23209302127361298,
    0.0
  ],
  "tangential_distortion": [
    0.002494150074198842,
    0.03005794994533062
  ],
  "image_size": [
    480,
    856
  ]
}