{
  "orientation": [
    [
      0.8570565581321716,
      0.4097772538661957,
      -0.3123086094856262
    ],
    [
      -0.39025917649269104,
      0.9120765924453735,
      0.1257539540529251
    ],
    [
      0.3363804817199707,
      0.014103055000305176,
      0.9416205286979675
    ]
  ],
  "position": [
    -4.022924423217773,
    0.1385975331068039,
    -0.7650005221366882
  ],
  "focal_length": 716.3578491210938,
  "principal_point": [
    310.08148193359375,
    453.3079833984375
  ],
  "skew": 0.0,
  "pixel_aspect_ratio": 1.0,
  "radial_distortion": [
    0.09550585597753525,
    -0.23209302127361298,
    0.0
  ],
  "tangential_distortion": [
    0.002494150074198842,
    0.03005794994533062
  ],
  "image_size": [
    480,
    856
  ]
}