{
  "orientation": [
    [
      0.9912518262863159,
      0.11909379065036774,
      -0.056890521198511124
    ],
    [
      -0.11699413508176804,
      0.992369532585144,
      0.038923971354961395
    ],
    [
      0.06109202280640602,
      -0.031927600502967834,
      0.9976213574409485
    ]
  ],
  "position": [
    -1.816688895225525,
    0.7456358075141907,
    -1.2975564002990723
  ],
  "focal_length": 716.3578491210938,
  "principal_point": [
    310.08148193359375,
    453.3079833984375
  ],
  "skew": 0.0,
  "pixel_aspect_ratio": 1.0,
  "radial_distortion": [
    0.09550585597753525,
    -0.23209302127361298,
    0.0
  ],
  "tangential_distortion": [
    0.002494150074198842,
    0.03005794994533062
  ],
  "image_size": [
    480,
    856
  ]
}