{
  "orientation": [
    [
      0.6307323575019836,
      0.5943365693092346,
      -0.498939573764801
    ],
    [
      -0.5485842227935791,
      0.7962568998336792,
      0.2550104260444641
    ],
    [
      0.5488461256027222,
      0.11286703497171402,
      0.8282686471939087
    ]
  ],
  "position": [
    -4.7794952392578125,
    -0.7899324893951416,
    -0.24821963906288147
  ],
  "focal_length": 716.3578491210938,
  "principal_point": [
    310.08148193359375,
    453.3079833984375
  ],
  "skew": 0.0,
  "pixel_aspect_ratio": 1.0,
  "radial_distortion": [
    0.09550585597753525,
    -0.23209302127361298,
    0.0
  ],
  "tangential_distortion": [
    0.002494150074198842,
    0.03005794994533062
  ],
  "image_size": [
    480,
    856
  ]
}