{
  "orientation": [
    [
      0.9736396670341492,
      -0.15330713987350464,
      0.16888654232025146
    ],
    [
      0.1218135729432106,
      0.9754914045333862,
      0.18324294686317444
    ],
    [
      -0.1928398311138153,
      -0.15783992409706116,
      0.9684520363807678
    ]
  ],
  "position": [
    0.7496512532234192,
    0.9187383651733398,
    -0.4822383224964142
  ],
  "focal_length": 716.3578491210938,
  "principal_point": [
    310.08148193359375,
    453.3079833984375
  ],
  "skew": 0.0,
  "pixel_aspect_ratio": 1.0,
  "radial_distortion": [
    0.09550585597753525,
    -0.23209302127361298,
    0.0
  ],
  "tangential_distortion": [
    0.002494150074198842,
    0.03005794994533062
  ],
  "image_size": [
    480,
    856
  ]
}